topic_num,top_words,sample_comments,bertopic_dominant_topic,size,docket_id
2,"to, labeling, beverages, and, allergies, alcohol, this","My Comment: For just about 20 years, there has been ongoing rulemaking about allergen labeling. There have been some changes but mostly small ones. Today, I believe more and more people think this allergen labeling is important and that it is a good thing for the labeling rules to adjust to. Over the past twenty years, studies have shown an increase in allergies. Some attribute this to better test ||| I have been a volunteer in the field of substance abuse prevention for over 25 years. I have a Masters degree in Dietetics. I think it is extremely important to label all foods and beverages to prevent allergic reactions and drug interactions. Roughly 11% of U.S. adults have food allergies.Many alcoholic beverages contain major allergens, such as wheat in many beers, milk and nuts in liqueurs, ||| To the Alcohol and Tobacco Tax and Trade Bureau (TTB), I am writing this to provide my comments on the proposed rule that requires labeling of major food allergens that are present in alcoholic beverages. Consumers have a right to know what is in their drinks; therefore, I am very optimistic about this proposed rule. Having clear and concise labels that involve popular allergies, like dairy and pe",2.0,84,TTB-2025-0003
-1,"the, to, and, food, allergen, for, is","Based on the arguments presented, it is suggested that allergen information in alcoholic beverages be presented clearly and concisely to the consumer, avoiding additional costs and barriers to international trade. Likewise, it is proposed that the declaration of major allergens in alcoholic beverages be limited to thei r inclusion in the ingredient list. Should an additional declaration be require ||| regulation for voluntary allergen declaration in alcoholic beverages. However, i f it is decided to move forward with this proposal that would modify alcoholic beverage labelling, it is essential to allow the use of technological tools on the label to provide additional information. This can be achieved through electronic labelling, using a QR code, a digital medium, or a website. This tool offers ||| regulation for voluntary allergen declaration in alcoholic beverages. However, i f it is decided to move forward with this proposal that would modify alcoholic beverage labelling, it is essential to allow the use of technological tools on the label to provide additional information. This can be achieved through electronic labelling, using a QR code, a digital medium, or a website. This tool offers",-1.0,24,TTB-2025-0003
4,"wine, the, and, that, in, to, for","Canada scientists have concluded that the use of allergen-derived fining agents does not normally result in any appreciable amount of protein from food allergens remaining in the wine, particularly when usual manufacturing practices such as filtration steps are employed. As such, the use of food allergen -derived fining agents in wine production, following good manufacturing practices, is not expe ||| August 13, 2025 Ms. Amy Greenberg Director, Regulations and Rulings Division Alcohol and Tobacco Tax and Trade Bureau 1310 G St. NW, Box12 Washington, DC 20005 Re: Docket No. TTB-2025-0003; Notice No. 238: Major Food Allergen Labeling for Wines, Distilled Spirits, and Malt Beverages Dear Ms. Greenberg: Family Winemakers of California is a trade association which advocates for predominately small, ||| August 13, 2025 Ms. Amy Greenberg Director, Regulations and Rulings Division Alcohol and Tobacco Tax and Trade Bureau 1310 G St. NW, Box12 Washington, DC 20005 Re: Docket No. TTB-2025-0003; Notice No. 238: Major Food Allergen Labeling for Wines, Distilled Spirits, and Malt Beverages Dear Ms. Greenberg: Family Winemakers of California is a trade association which advocates for predominately small,",4.0,23,TTB-2025-0003
3,"spirits, the, distilled, and, labeling, to, of","the net contents of the package, and the manufacturer or bottler or importer of the product[.]' Applying the canon of statutory interpretation that words are known by the company they keep (noscitur a sociis in Latin), the requirement for adequacy of information applies to things that are like identity, quality, alcohol content, net content, and manufacturer, bottler, or importer -- but not what s ||| adoption of allergen advisory labelling for distilled spirits . Proper distillation practices ensures that no protein is contained in the distilled product or distilled ingredient . Furthermore, allergen advisory labelling such as ""May contain: [ ]"" has the potential to create more confusion for consumers and does not provide clear actionable messaging regarding the presence of a major food allerg ||| Distilled Spirits Council of the United States 101 Constitution Ave. NW , Suite 350 West Washington, DC 20001 August 15, 2025 Ms. Amy Greenberg Director, Regulations and Rulings Division Alcohol and Tobacco Tax and Trade Bureau 1310 G Street NW , Box 12 Washington, DC 20005 Re: Major Food Allergen Labeling for Wines, Distilled Spirits, and Malt Beverages (Notice No. 238; Docket No. TTB–2025–0003)",3.0,22,TTB-2025-0003
11,"attached, files, see, introduction, figure, discussion, results",See attached ||| See Attached ||| See Attached,11.0,20,TTB-2025-0003
0,"fish, parvalbumin, of, the, in, and, allergy","beers and ales. Isinglass is prepared from the swim bladders of various species of tropical fish. Collagen is the primary component of isinglass. Molecular weights of well over 200 kilo Daltons (kD) are described for collagen preparations. Parvalbumin, a comparatively small protein from fish muscle, is widely considered as the major pan-allergen from fish (Taylor et al., 2004a). Fish collagen is n ||| and is considered as a pan-allergen for individuals with fish allergy (Taylor et al., 2004). The presence and levels of parvalbumin in the muscle and swim bladders of the fish species used in the manufacturing of isinglass has now been confirmed. Thus, the detection of residual parvalbumin levels in commercial isinglass seems to be a key factor in the assessment of the potential allergenicity of t ||| eight fish-allergic subjects had positive skin test responses to the extracts of the fish swim bladders (maws) of each of the fish noted in Table 1.2. The eighth subject had positive skin test reactions to 5 of the 6 swim bladder extracts but had a negative response to a prick test with the extract of swim bladder of FA 13/05 (Bagrus pseudopimelodus sp.). E. Discussion These results indicate rathe",0.0,13,TTB-2025-0003
7,"alcohol, to, labeling, the, public, beverages, calorie","being read or not being understood correctly. To further this, as a college student, many of us tend to miscount or disregard calorie intake as a whole, particularly discounting alcoholic beverages when it comes to calories. I myself, along with many others I have talked to, did not realize just how many calories were in specific alcoholic beverages themselves; we were also shocked to learn just h ||| I believe that the proposed rule will be of much benefit to the American consumer, primarily to the reinforcement of informed consent in the purchasing of products. The fact it has taken so long to require allergen labels onto alcoholic beverages is quite alarming, especially while the market for alcoholic beverages and breweries has exploded. According to the Brewers Association, the number of ||| Notice No. 238: Major Food Allergen Labeling for Wines, Distilled Spirits, and Malt Beverages I believe that the proposed rule will be of much benefit to the American consumer, primarily to the reinforcement of informed consent in the purchasing of products. The fact it has taken so long to require allergen labels onto alcoholic beverages is quite alarming, especially while the market for alcoholi",7.0,12,TTB-2025-0003
12,"tbt, email, comments, wto, the, enquiry, on","From: Cámara Nacional de la Industria Tequilera To: Alcohol and Tobacco Tax and Trade Bureau (TTB) Subject: Comments on: Major Food Allergen Labeling for Wines, Distilled Spirits, and Malt Beverages Docket No. TTB–2025–0003; Notice No. 238 Notification : G/TBT/N/USA/2183 Agency responsible: Alcohol and Tobacco Tax and Trade Bureau (TTB), Department of the Treasury USA WTO TBT Inquiry Point, Email: ||| August 14, 2025. Agency responsible: Alcohol and Tobacco Tax and Trade Bureau (TTB), Department of the Treasury USA WTO TBT Inquiry Point, Email: usatbtep@nist.gov Subject: Comments on: Major Food Allergen Labeling for Wines, Distilled Spirits, and Malt Beverages To whom it may concern, I write to you today on behalf of the Mezcal Sustainability Alliance, a strategic collaboration among companies ||| August 14, 2025. Agency responsible: Alcohol and Tobacco Tax and Trade Bureau (TTB), Department of the Treasury USA WTO TBT Inquiry Point, Email: usatbtep@nist.gov Subject: Comments on: Major Food Allergen Labeling for Wines, Distilled Spirits, and Malt Beverages To whom it may concern, I write to you today on behalf of the Mezcal Sustainability Alliance, a strategic collaboration among companies",12.0,11,TTB-2025-0003
9,"food, alcohol, and, allergies, labeling, beverages, to","to consumption of alcohol, but highlights the importance and need to minimize harmful situations. This study also found a concerning trend that hospitalizations and ED visits increased throughout the 15 years. With this rising trend it would be wise to create a proactive regulation instead of a reactionary regulation. According to the National Survey on Drug Use and Health of 2023, there were 224. ||| August 15, 2025 Regulations and Ruling Division Alcohol and Tobacco Tax and Trade Bureau 1310 G Street NW, Box 12 Washington, DC 20005 Comment on Proposed Rule: Major Food Allergen Labeling for Wines, Distilled Spirits, and Malt Beverages (Docket No. TTB-2025-0003) The undersigned organizations call on the Alcohol and Tobacco Tax and Trade Bureau (TTB) to finalize the proposed rule mandating on-pa ||| Notice No. 238: Major Food Allergen Labeling for Wines, Distilled Spirits, and Malt Beverages Posted by the Alcohol and Tobacco Tax and Trade Bureau Since the creation of the Alcohol and Tobacco Tax and Trade Bureau (TTB) in 2003 after an extensive reorganization of the Bureau of Alcohol, Tobacco, Firearms, and Explosives (ATF), the TTB has been the main agency in control of alcoholic beverages. T",9.0,9,TTB-2025-0003
23,"this, seems, bill, really, allergies, here, multiple","This should 100% be enacted. I have multiple family members with major allergies that this will benefit greatly. Most producers do not label when allergens are used in the production process which has led to multiple allergy attacks that could have been prevented. This will benefit all. ||| I am in support of this, but the third exception (TTB Petition) that is stated here seems really vague, and I think it could use some quantitative data behind it to help people who are considering using this option have a bit more clarity. ||| Please sign this bill into law. With a strong reasoning for government action, the legal publishing and transparency around food labeling is critical to the health and safety of the general public. The importance of setting a legal standard across all consumed goods reflects the nature that one's health takes priority over companies' advertising budgets and aesthetics. This bill could redu",23.0,9,TTB-2025-0003
19,"qr, codes, public, health, serving, to, nutritional","The proposed rule by the TTB is a great rule especially with how in the past allergens were listed as an option. Allergens like milk, fish, soy and peanuts are important due to how an allergic reaction can happen or could potentially kill the drinker, By the Brewers Association the rule it will also disclose, Serving size, number of servings per container, alcohol content, number of ounces per ser ||| **Comment on TTB Notice No. 238 – Proposed Revisions to Malt Beverage Labeling and Advertising Regulations** **Subject: Public Health Concerns and Recommendations Regarding Alcohol Labeling Transparency** Dear TTB, As a public health advocate, I appreciate the opportunity to comment on Notice No. 238. I strongly support TTB's efforts to modernize and improve the transparency of malt beverage label ||| 1 Comment on TTB Notice No. 238 – Proposed Revisions to Malt Beverage Labeling and Advertising Regulations Subject: Public Health Concerns and Recommendations Regarding Alcohol Labeling Transparency Dear TTB, As a public health advocate, I appreciate the opportunity to comment on Notice No. 238. I strongly support TTB's efforts to modernize and improve the transparency of malt beverage labeling. A",19.0,9,TTB-2025-0003
22,"year, this, cost, rule, would, the, proposed","To whom it may concern, We are a group of allergen-concerned citizens who wish to convey our support for the proposed regulation. Thank you for your time and consideration of our stance on this issue. Approximately 33 million Americans have major food allergies which affect their everyday life (Food Allergy Research & Education Organization, 2024). It is imperative that they are able ||| This is a non-issue pushed by nefarious actors who are actively pushing against the alcohol industry. This proposed rule would add increased cost to our labels, require the incurred cost of additional time to comply, and require us to change our labels at great cost to provide this information that NO consumers are asking for. People that consume alcohol are aware of the risks thanks to the existi ||| potentially harm the market and have an overall negative impact on commerce. With this point, it can most definitely be argued to the extent of whether the impact on commerce would be substantial. Now, moving away from the labels themselves and the ingredients listed on them, I am also in support of the proposed rule because of the effective date and compliance with the proposed regulations the ru",22.0,8,TTB-2025-0003
16,"statement, contains, ingredients, major, sulfites, be, should","be disclosed under current TTB regulations (FD&C Yellow No. 5, cochineal extract or carmine, sulfites, and aspartame) be required to be listed in one statement on the label? If so, should the other ingredients be included in a ""Contains"" statement that includes the major food allergens? (For example, ""Contains egg and sulfites""). Or should the major food allergens be identified as such, and the ot ||| major food allergens, consistent with FDA's approach? Should TTB limit the use of the ""Contains"" statement only for major food allergens? It is recommended that the declaration of major allergens be integrated into the ingredient list, including the proteins they contain, instead of creating a separate section. It is also suggested to evaluate the use of electronic labeling (QR codes, digita l pla ||| major food allergens, consistent with FDA's approach? Should TTB limit the use of the ""Contains"" statement only for major food allergens? It is recommended that the declaration of major allergens be integrated into the ingredient list, including the proteins they contain, instead of creating a separate section. It is also suggested to evaluate the use of electronic labeling (QR codes, digita l pla",16.0,7,TTB-2025-0003
8,"allergen, major, food, statement, the, contains, allergens","to changes in regulatory provisions, and facilitates information reaching young people, a vulnerable g roup, to prevent harmful alcohol consumption. It also allows for the development of educational and interactive content for the consumer. Thus, consumers would be effectively informed without overloading alcoholic beverage labels with excessive information. 2. Should TTB allow the inclusion of ma ||| now proposes making allergen labeling mandatory, with an exemption for distilled products whe re the distillation process fully removes all proteins, including allergens. It should be noted that the TTB proposes an exemption for allergen declaration in distilled alcoholic beverages, provided that an allergen or ingredient containing it undergoes a distillation process that completely removes any p ||| now proposes making allergen labeling mandatory, with an exemption for distilled products whe re the distillation process fully removes all proteins, including allergens. It should be noted that the TTB proposes an exemption for allergen declaration in distilled alcoholic beverages, provided that an allergen or ingredient containing it undergoes a distillation process that completely removes any p",8.0,7,TTB-2025-0003
26,"wines, beverage, this, beverages, with, think, malt","I stand with the new proposal to require allergen labeling for wines, distilled spirits, and malt beverages. This regulation is essential to ensure that consumers are fully informed about the ingredients in the beverages they consume and to reduce the risk of allergic reactions due to misinformation. For individuals with allergies, drinking a beverage containing an allergen poses the same health r ||| I support the proposal to require disclosure of major food allergens on wines, distilled spirits, and malt beverage labels. Consumers deserve clear and consistent information about ingredients that may pose health risks to potential buyers. This rule aligns alcohol labeling with existing food allergen standards and promotes transparency and safety for individuals with allergies. The proposed compl ||| I think it is due time that beverage companies be held to the same transparency that all food & other adhere too. This is apparent for many reasons including toxic materials, dietary decisions, and allergens. I think a few consumers who follow vegan lifestyles may find it upsetting to have their wines and beverages filtered by fish or egg by products. My wife has many allergies including peas",26.0,5,TTB-2025-0003
27,"wine, brand's, oak, on, tannins, label, don't","While I believe the consumer should be able to access allergen and nutritional information of a wine or spirit brand, I believe this information can be delivered via a common application or website, or at the very least required to be on the brand's website. There simply is not enough room on a brand's packaging to include the information required in a legible format. ||| I do not believe the need for allergen information on wine bottles is necessary and in the public interest and should be a voluntary disclosure at the discretion of the producer. If it is ultimately decided that such information is required, then is should be through the use of a QR code on the label to provide ease of access to the disclosure. ||| I experienced a potentially life threatening anaphylactic reaction to oak tannins requiring an ER visit as a result of drinking Pinot Gris wine from Iris Winery in Oregon. Fortunately, this wine maker included its ingredients on the wine label, but it's not on their web site. As a retired registered dietitian I feel strongly that an ingredient label must include allergens such as oak tanni",27.0,5,TTB-2025-0003
5,"smartlabel, information, to, product, and, the, qr","of access. Moreover, providing information via off -label, electronic means benefit s consumers by ensuring they receive the most up -to-date, accurate, and more comprehensive information directly from the product manufacturers. A national consumer survey with 1,000 respondents conducted in 2023 by the Consumer Brands Association and FMI found that: • 58% of consumers look for SmartLabel on produc ||| and grocery retailers to give consumers access to more detailed product information than could ever fit on a package. SmartLabel serves as the defacto standard for consumer transparency and allows brands to display state and federally mandated and voluntary label information . Currently 80 parent companies participate in the SmartLabel program, representing more than 1,000 brands and over 100,000 ||| SmartLabel as a Digital Transparency Tool Through consumer research , SmartLabel has confirmed that consumers expect the labeling information in SmartLabel to be consistent with the information on the label. As noted, the program SmartLabel® Comments to Docket No. TTB-2025-0002; Notice No. 237 July 9, 2025 Page 8 of 10 conducts annual reviews of SmartLabel pages to ensure the data is consistent be",5.0,5,TTB-2025-0003
25,"small, without, wineries, businesses, and, wine, georgias","Dear TTB, I'm writing as the owner of Three Sisters Winery, aka, Chestatee Valley Vintners to share my concerns about TTB's proposed rule, Notice No. 237 and No. 238, which would require new ""Alcohol Facts"" labels on wine bottles. While I support educating consumers, this rule would create serious financial challenges for small wineries in Georgia. Redesigning labels and testing for nutritional co ||| relationship. Operational Challenges Implementing the ""Alcohol Facts"" labeling would require wineries to conduct detailed analyses of their products to determine accurate nutritional content. This process involves laboratory testing and compliance verification, demanding both time and financial resources. Small wineries may find it particularly challenging to absorb these costs without compromisin ||| Alcohol and Tobacco Tax and Trade Bureau Regulations and Rulings Division 1310 G Street, NW, Box 12 Washington, DC 20005 Dear Alcohol and Tobacco Tax and Trade Bureau, As the proprietor of Georgia Winery, | am writing to express my concerns regarding the Alcohol and Tobacco Tax and Trade Bureau's (TTB) proposed rule, Notice No. 237 and Notice No. 238, which would mandate the inclusion of ""Alcohol",25.0,5,TTB-2025-0003
1,"the, isinglass, of, to, in, wine, and","described herein were conducted during the period 2004-2007 in support of a submission by BFBi and The Brewers of Europe for an exemption from Annex IIIa of EU Directive 2005/26/EC and thus from the requirement to label isinglass, under allergen labelling regulations, when used as a clarifying aid in brewing. Page 4 of 26 The petitioners note that the European Food Safety Authority (EFSA) delivere ||| information in relation to the supply and usage of isinglass by Australian and New Zealand beer and wine manufacturers. These documents answered the outstanding questions on the allergenic potential of isinglass and enabled the completion of the Draft Assessment of this Application. 2. The Issue Currently, clause 4 of Standard 1.2.3 requires that fish and fish products must be declared when presen ||| Practice to minimise the allergen parvalbumin in isinglass has also been established by the isinglass manufacturing industry. At Draft Assessment, FSANZ undertook a robust and extensive assessment of the public health and safety implications of this Application. At Draft Assessment, two options were proposed; (1) reject the Application thus maintaining the status quo; or (2) prepare a draft variat",1.0,4,TTB-2025-0003
14,"food, ttb, allergen, the, allergens, major, that","all TTB- regulated alcoholic beverages to label the top nine food allergens using the statement ""Contains Major Food Allergen(s)"" followed by a colon and the name of the food source(s) from which the food allergen(s) present is/are derived (i.e., milk, eggs, fish, shellfish, tree nuts, wheat, peanuts, soybeans, and sesame). Unlike FDA regulations, the species of finfish is not required for fish in ||| TTB is proposing rules for the mandatory labeling of major food allergens used in the production of alcohol beverages. Consistent with the FALCPA House committee report and TTB's statutory mandate under the FAA Act to promulgate regulations ensuring that consumers receive adequate information about the identity and quality of alcohol beverages, TTB believes that alcohol beverage labels should prov ||| could apply to alcoholic beverage purchasing. This can be a win-win for those with food allergies and beverage alcohol companies by adopting clear food allergen labeling. Specific Comments on the Proposed Rule Allergen disclosure terminology and naming conventions FARE supports including mandating disclosure and the language of ""Contains Major Food Allergen (s)"" and strongly recommends that TTB con",14.0,3,TTB-2025-0003
17,"the, declaration, trade, allergen, contains, be, should","of the food source of each allergen (e.g., ""Contains: egg""). However, the TTB proposal seeks to make allergen declaration mandatory. It should be noted that the TTB proposes an exemption for allergen declaration in distilled alcoholic beverages, provided that an allergen or ingredient containing it undergoes a distillation process that completely removes any protein, allergenic or not, in the dist ||| On the contrary, this would increase costs for m anufacturers, importers, and distributors. This practice could be considered a technical barrier to trade, which would go against Article 2.2 of the World Trade Organization's Agreement on Technical Barriers to Trade, which seeks to avoid the creation of unnecessary trade barriers. Moreover, the CODEX Alimentarius, in its revision of the General Sta ||| On the contrary, this would increase costs for m anufacturers, importers, and distributors. This practice could be considered a technical barrier to trade, which would go against Article 2.2 of the World Trade Organization's Agreement on Technical Barriers to Trade, which seeks to avoid the creation of unnecessary trade barriers. Moreover, the CODEX Alimentarius, in its revision of the General Sta",17.0,2,TTB-2025-0003
10,"isni0000, document, see, usa, department, proquest, 0004","1 ; Ramakrishnan, Charu 2 ; Deisseroth, Karl 2 ; Zhang, Zizhen 1 ; Zamponi, Gerald W 1 1 Department of Physiology and Pharmacology, University of Calgary, Calgary, Canada; Alberta Children's Hospital Research Institute, University of Calgary, Calgary, Canada; Hotchkiss Brain Institute, University of 20 June 2025 Page 9 of 23 ProQuest Calgary, Calgary, Canada; Cumming School of Medicine, University ||| Alexander P; Zhu-Ming, Zhang; Tinker, Lesley F; Yanosky, Jeff D; Liao, Duanping; Whitsel, Eric A Publication info: Environmental Health Perspectives (Online) 125.6 National Institute of Environmental Health Sciences. (Jun 2017) ProQuest document link Databases: Toxicology Abstracts (1981 - current) _______________________________________________________________ Document 69 of 77 GABA Effects Durin ||| of Excellence, NeuroCure, Berlin, Germany (GRID:grid.517316.7); German Center for 20 June 2025 Page 19 of 23 ProQuest Neurodegenerative Diseases (DZNE) Berlin, Berlin, Germany (GRID:grid.424247.3) (ISNI:0000 0004 0438 0426) Publication info: Nature Neuroscience 26.10 (Oct 2023): 1701-1712. ProQuest document link Databases: Toxicology Abstracts (1981 - current) _____________________________________",10.0,2,TTB-2025-0003
21,"maws, process, step, screen, hazard, chemical, supplier",Intake CCP1 CCP2 25 mm screen Stored in new containers labelled with supplier and fish species details Fine classifying sieve Transfer to soak tanks in wet process area Soak in hydrogen peroxide for at least 16 hours Drain and rinse with water CCP4 CCP5 Storage in labelled containers Soak in phosphate buffer for at least 1 hour. Drain and rinse Further processing Dry and mill to ISINGLASS POWDER A ||| and specifications to suppliers Chemical Contamination from sacks used to transport maws Pre-requisite – Supplier quality assurance and specifications to suppliers Chemical Inks used to spray / stencil bags used for maws Pre-requisite – Supplier quality assurance and specifications to suppliers Physical Loss of traceability Pre-requisite – Supplier quality assurance and specifications to suppliers ||| Q1 Q1A Q2 Q3 Q4 Y / N 12 Stirring at 4 hourly intervals No hazards 13 Steeping for 16 hours in hydrogen peroxide Microbial Micro-organisms not killed by hydrogen peroxide 3 x 3 This process step Y Y Y 14 Drain and rinse No hazards 15 Soak in phosphate buffer for 1 hour. Drain off buffer and wash twice more with fresh water Chemical Parvalbumin 5x 3 This process step Y Y Y 16 Drain off steep liquor,21.0,1,TTB-2025-0003
20,"ttb, allergen, should, disclosure, major, processing, the","on this proposal. For example, if egg whites are used as a processing aid for wine, the industry member has the option of disclosing this on the label as follows: ""Contains Major Food Allergen: egg (processing aid)."" This is an option that industry members may choose to use, but they also may choose to list these agents without the parenthetical. TTB is not proposing parenthetical statements for o ||| the label, including the proposed major food allergen statement, make it easier for consumers to find this information? Would such a requirement impose additional costs or regulatory burdens on industry members as compared to allowing the mandatory disclosures to appear separately? All required disclosure of ingredients should be in a single statement for simplicity. 1.6. Should TTB mandate specif ||| consumers. TTB also seeks comments on whether there are alternative approaches to this issue that would provide consumers with adequate information regarding the use of finfish protein in the production of alcohol beverages. BI Response: We support using ""fish"" rather than the species' name. However, consistent with FDA guidance, TTB should not require an allergen disclosure if finfish protein used",20.0,1,TTB-2025-0003
18,"study, nebraska, university, resource, pepsin, program, phd","Food Allergy Research and Resource Program Study No. FARRP-07-2006 University of Nebraska Page 1 of 21 Study Title Investigation of the Potential Allergenicity of Isinglass Primary Study Directors/Report Authors Sue L. Hefle, Ph.D. and Steve L. Taylor, Ph.D. University of Nebraska Food Allergy Research & Resource Program Additional Study Scientists/Report Co-Authors Richard E. Goodman, Ph.D., Univ ||| Food Allergy Research and Resource Program Study No. FARRP-05-2006 University of Nebraska Page 1 of 12 Study Title Investigation of the Potential Allergenicity of Isinglass Sequence Homology Primary Study Directors/Report Authors Sue L. Hefle, Ph.D. and Steve L. Taylor, Ph.D. University of Nebraska Food Allergy Research & Resource Program Additional Study Scientists/Report Co-Authors Richard E. Go ||| Food Allergy Research and Resource Program Study No. FARRP-06-2006 University of Nebraska Page 1 of 14 Study Title Investigation of the Potential Allergenicity of Isinglass Pepsin Digestion Primary Study Directors/Report Authors Sue L. Hefle, Ph.D. and Steve L. Taylor, Ph.D. University of Nebraska Food Allergy Research & Resource Program Additional Study Scientists/Report Co-Authors Stef Koppelman",18.0,1,TTB-2025-0003
24,"notice, and, brewers, the, association, 238, ttb","1 National Press Building Suite 1300-NPC Washington, DC 20045 August 15, 2025 Submitted by regulations.gov Director, Regulations and Ruling Division Alcohol and Tobacco Tax and Trade Bureau 1310 G Street NW, Box 12 Washington, DC 20005 ATTN: Curt Eilers, Regulations and Rulings Division Re: Major Food Allergen Labeling for Wine, Distilled Spirits, and Malt Beverages, Notice No. 238, Docket No. TTB ||| Submitted via the Federal e-Rulemaking Portal Alcohol and Tobacco Tax and Trade Bureau (TTB) Attn: Amy Greenberg, Director Regulations and Ruling Division 1310 G Street, N.W., Box 12 Washington, DC 20005 Re: TTB Notice No. 238, Major Food Allergen Labeling for Wines, Distilled Spirits, and Malt Beverages Dear Director Greenberg, I write on behalf of the Brewers Association (BA) to provide written ||| August 15, 2025 Ms. Amy Greenberg Director, Regulations and Rulings Division Alcohol and Tobacco Tax and Trade Bureau 1310 G Street, NW Box 12 Washington, DC 20005 RE: Docket No. TTB 2025-0004; Notice 238: Major Food Allergen Labeling for Wines, Distilled Spirits, and Malt Beverages WineAmerica is the National Association of American Wineries. We represent wineries, winery associations, and wine i",24.0,1,TTB-2025-0003
6,"beer, isinglass, of, in, the, was, hydroxyproline","al ., 2000; Leach and Barrett, 1967; Moir et al. , © European Food Safety Authority, 2007 Page 4 of 10 1984). Isinglass collagen has a molecular wei ght of 800-1300 kDa. Key to the structure, functionality and quantification of isinglass collagen is the presence of hydroxyproline, which is rare in other proteins but characteristic of collagen (regar ding its use for quantification of isinglass, se ||| of quantification of this method, that is the concentration of isinglass in beer which can be distinguished from background levels of hydroxyproline, is 0.17 mg of isinglass / litre of beer (on an isinglass dry weight basis). This method has been used to quantify the concentration of isinglass residues which could be present in brewery and cask-conditioned beers, and also to determine whether ther ||| pure form of fish collagen. The isinglass combines with proteins and yeast in suspension in the beer, causing the formation of large flocs which sediment out of the beer. In some beers these flocs are removed in the brewery by filtration of centrifugation. Such beers are described as brewery-conditione d beers. However, in some beer styles (known as cask- conditioned beers) the flocs ar e not remo",6.0,1,TTB-2025-0003
28,"consumer, 27, cfr, compliance, labeling, and, accessed","help manufacturers communicate possible risks while protecting themselves from liability. 4. TTB should consider allowing certain allergens information to be provided through digital means such as QR codes as a way to show more informational package declarations. This could allow manufacturers to give more information than what can be put on the packaging. The economic impact of putting these requ ||| larger manufacturers meet earlier deadlines, and small businesses are granted additional time. So as recommended, if consumer safety risks are substantial, a phased rollout based on company size or product type could offer a compromise. Many industry members may begin adopting new allergen labeling practices in advance of the final compliance date, especially during routine label redesign cycles. ||| means to reduce printing costs and allow real-time updates to ingredient disclosures online. However, reliance on digital methods alone may not adequately serve all consumers, particularly: older individuals or those without smartphones, and consumers in areas with limited internet access. I recommend to allow alternative disclosures like QR codes or URLs only as a supplement, not a replacement, f",28.0,1,TTB-2025-0003
-1,"and, the, of, to, alcohol, in, for","**Comments from Argentina – Notice No. 237: Alcohol Facts Statements in the Labeling of Wines, Distilled Spirits, and Malt Beverages** Title of the Alcohol Beverage Information Statement *We consider that the title ""Alcohol Facts"" better describe the information provided inthe proposed statement.* Mandatory Calorie and Nutrient Information *Following the same rationale applied to nutritional infor ||| Comments from Argentina – Notice No. 237: Alcohol Facts Statements in the Labeling of Wines, Distilled Spirits, and Malt Beverages Title of the Alcohol Beverage Information Statement We consider that the title ""Alcohol Facts"" better describe the information provided inthe proposed statement. Mandatory Calorie and Nutrient Information Following the same rationale applied to nutritional information, ||| August 15, 2025 Ms. Amy Greenberg Director, Regulations and Rulings Division Alcohol and Tobacco Tax and Trade Bureau 1310 G Street, NW Box 12 Washington, DC 20005 RE: Docket No. TTB 2025-0002; Notice 237: Alcohol Facts Statements in the Labeling of Wines, Distilled Spirits, and Malt Beverages WineAmerica is the National Association of American Wineries. We represent wineries, winery associations,",-1.0,31,TTB-2025-0002
2,"health, and, alcohol, of, to, the, public","April 4, 2025 ATTN: Alcohol and Tobacco Tax and Trade Bureau SENT VIA ONLINE PUBLIC COMMENT SUBJECT: Support for Mandatory Nutrition and Ingredient Labeling on Alcoholic Beverages Dear TTB Administrator, I am writing to express my strong support for the proposed rules requiring standardized nutrition and ingredient labeling on alcoholic beverages (Docket Nos. TTB–2025–0002 and TTB–2025–0003). This ||| Public Comment on The Alcohol and Tobacco Tax and Trade Bureau (TTB) Proposed ""Alcohol Facts"" Labeling Rule To: Alcohol and Tobacco Tax and Trade Bureau (TTB) Re: Docket No. TTB-2025-0002 – Proposed Rule on Alcohol Facts Labeling I am writing to express my support for the Alcohol and Tobacco Tax and Trade Bureau's proposed rule to mandate an ""Alcohol Facts"" label on alcoholic beverage products. Th ||| on the labels of alcoholic beverages, either somewhat or strongly.7 Whereas, 72% to 90% respondents supported having more information on the labels as it would impact their choice to purchase alcohol.7 A systematic review done in the UK also shows moderate evidence of labeling calories and ABV on purchasing choices of consumers showing increased preference for alcoholic beverages with calorie coun",2.0,30,TTB-2025-0002
5,"wine, is, to, wineries, and, be, the","for the three nutrients required to be disclosed, allowing a tolerance of 20 percent above or below the labeled amount. TTB believes that these proposed changes will facilitate the use of ""typical values"" charts and other methodologies to calculate the calories, carbohydrates, fat, and protein content of an alcohol beverage product. TTB is also proposing to expand the alcohol content tolerance for ||| Page 1 of 10 August 15, 2025 Ms. Amy Greenberg Director, Regulations and Rulings Division Alcohol and Tobacco Tax and Trade Bureau 1310 G Street NW, Box 12 Washington, DC 20005 RE: Docket No. TTB-2025-0002, Notice No. 237: Alcohol Facts Statements in the Labeling of Wines, Distilled Spirits, and Malt Beverages Dear Ms. Greenberg, Wine Institute is the public policy advocacy association representin ||| ROYAL WINE CORP. 63 LEFANTEWAY BAYONNE. NJ wow F 718.486.8 943 3/26/2025 Director, Regulations and Ruling Division Alcohol and Tobacco Tax and Trade Bureau 1310 G Street NW. Box 12 Washington, DC 20005 Comment for Notice No. 237: Alcohol Facts Statements in the Labeling of Wines, Distilled Spirits, and Malt Beverages Dear Director, As the CEO of a major import and distributing company, working wit",5.0,24,TTB-2025-0002
6,"is, be, not, to, people, and, that","because so many products opt not to have those labels. In this instance, consistency creates accountability. 2, 3. We support as close an analogy to the FDA warnings as possible, even in the case of nutrients that are rarely found in alcoholic products, because rarity is not the same as a guarantee that a product will not have an exceptional amount of sodium or trans-fats. 4. So long as the produc ||| The beer, wine, and distilled spirits industry should not need to be so heavily regulated by the government with regards to serving size, calories, allergens, etc. The wine industry especially has been around for thousands of years and we need to not be ""helicopter parents"" consumers know how many calories are in a glass of wine, in a can of beer, and in a shot glass of spirits Doing thi ||| The beer, wine, and distilled spirits industry should not need to be so heavily regulated by the government with regards to serving size, calories, allergens, etc. The wine industry especially has been around for thousands of years and we need to not be ""helicopter parents"" consumers know how many calories are in a glass of wine, in a can of beer, and in a shot glass of spirits Doing thi",6.0,22,TTB-2025-0002
0,"the, and, of, spirits, to, small, in","imposes massive costs on the lives of millions of Americans, creates a substantial restraint on our economic growth and ability to build and innovate, and hampers our global competitiveness."" He also said: ""It is the policy of my Administration to significantly reduce the private 8 90 Fed. Reg. at 5775, col. 3 (in reference to the Biden-proposed Allergen Labeling rule: ""TTB considered other option ||| Distilled Spirits Council of the United States 101 Constitution Ave. NW , Suite 350 West Washington, DC 20001 August 15, 2025 Ms. Amy Greenberg Director, Regulations and Rulings Division Alcohol and Tobacco Tax and Trade Bureau 1310 G Street NW , Box 12 Washington, DC 20005 Re: Alcohol Facts Statements in the Labeling of Wine, Distilled Spirits, and Malt Beverages (Notice No. 237; Docket No. TTB–2 ||| August 15, 2025 Director Regulations and Ruling Division Alcohol and Tobacco Tax and Trade Bureau 1310 G Street NW, Box 12 Washington, D.C. 20005 RE: ACSA's Comments on Notice No. 237 Alcohol Facts Statement in the Labeling of Wine, Distilled Spirits, and Malt Beverages [Submitted electronically on https://www.regulations.gov] Introduction This is a challenging time for U.S. small businesses, and",0.0,22,TTB-2025-0002
10,"files, attached, see, file, upload, system, please",See attached file(s) ||| See attached file(s) ||| See attached file(s),10.0,17,TTB-2025-0002
1,"serving, size, the, of, to, oz, alcohol","understand clearly displayed information. 9. Serving Size Reference Amounts 9.1. Are the proposed reference amounts a reasonably accurate representation of the amount of the product customarily consumed as a single serving? If not, what data or other information should TTB consider that would give a better estimate of the amount customarily consumed for a specific product category? TTB should foll ||| administrative burdens. Moreover, having the alcohol content displayed in two different places with differing values could lead to labeling errors and mislead consumers.* Mandatory Statement of Alcohol in Fluid Ounces of Pure Alcohol per Serving *If it is mandatory to indicate the alcohol content as a percentage by volume, requiring additional information about the alcohol content per serving size ||| burdens. Moreover, having the alcohol content displayed in two different places with differing values could lead to labeling errors and mislead consumers. Mandatory Statement of Alcohol in Fluid Ounces of Pure Alcohol per Serving If it is mandatory to indicate the alcohol content as a percentage by volume, requiring additional information about the alcohol content per serving size or standard drin",1.0,12,TTB-2025-0002
12,"wineries, small, wine, businesses, georgia, and, local","As the proprietor, I am writing to express my concerns regarding the Alcohol and Tobacco Tax and Trade Bureau's (TTB) proposed rule, Notice No. 237 and Notice No. 238, which would mandate the inclusion of ""Alcohol Facts"" statements on wine labels. While I support initiatives that promote informed consumer choices, I am apprehensive about the economic and operational challenges th ||| relationship. Operational Challenges Implementing the ""Alcohol Facts"" labeling would require wineries to conduct detailed analyses of their products to determine accurate nutritional content. This process involves laboratory testing and compliance verification, demanding both time and financial resources. Small wineries may find it particularly challenging to absorb these costs without compromisin ||| Alcohol and Tobacco Tax and Trade Bureau Regulations and Rulings Division 1310 G Street, NW, Box 12 Washington, DC 20005 Dear Alcohol and Tobacco Tax and Trade Bureau, As the proprietor of Georgia Winery, | am writing to express my concerns regarding the Alcohol and Tobacco Tax and Trade Bureau's (TTB) proposed rule, Notice No. 237 and Notice No. 238, which would mandate the inclusion of ""Alcohol",12.0,12,TTB-2025-0002
17,"think, qr, have, code, manufacturer, batch, to","We have enough regulations on the industry as it is. We do not need caloric or serving size or nutritional information on the labels. There is no benefit to adding this information to the labels, only to force producers to have their products tested by ""certified"" labs which will severely hamper the small producer with multiple products. This is a ridiculous proposal and government overr ||| As a small brewery owner this would be very expensive and overly burdensome as we make a lot of small batch pilot beers and offer them for sale direct to consumer. We do not have the ability to measure caloric content on finished product and would need to send samples out and wait for results back on beers that we release weekly from our smaller system. Our State requires COLA approval even if the ||| I work in the beer industry. I welcome this discussion. However, I don't think the change in label requirements will have the desired effects proponents want. I think there will be significant unintended consequences that do not benefit the consumer and burden the manufacturer. 1. Most products could go into containers (boxes, wraps, etc…) that the TTB is unauthorized to reg",17.0,9,TTB-2025-0002
3,"qr, information, the, to, digital, codes, and","bridge from the physical label to the e- label. Use of technology to provide for the digital presentation of some mandatory information is an emerging area particularly relevant to wine producers. Wine is not a recipe or formula product. In contrast with other food products, the ingredients and related nutritional values in wine can vary from vintage to vintage due to variations in climate and gra ||| to include a link on the e -label at the end of the mandatory information inviting consumers to ""click here"" should they desire access to additional voluntary information. 4. The number of QR codes on a given label should be minimized: Governments should permit a single QR code on a wine label to serve more than one purpose. A single QR code has nearly unlimited uses. In some jurisdictions, a sing ||| mandatory refers to disclosures that regulations require. 2 What is GS1 Sunrise 2027? | GS1 US. 2 QR codes are the most common digital means being used at this time to connect to an e-label. While future advancements in technology may lead to replacement s for QR code s, these principles will still apply to the use of such replacements. 1. Use of e -labelling to provide information to wine consume",3.0,9,TTB-2025-0002
11,"trade, new, international, labeling, would, costs, requirements","identity and quality of alcohol beverages if alcohol beverage containers do not include Alcohol Facts labeling? How do those benefits compare to the cost s and regulatory burdens associated with such revisions? The current information on alcoholic beverage labeling is sufficient. The inclusion of the ""Alcohol Facts"" panel would not provide significant ben efits to the consumer and would generate u ||| not include Alcohol Facts labeling? How do those benefits compare to the costs and regulatory burdens associated with such revisions? The current information on alcoholic beverage labeling is sufficient. The inclusion of the ""Alcohol Facts"" panel would not provide any benefits to consumer s and would generate unnecessary costs and regulatory burdens. 7. How, if at all, would the new mandatory labe ||| not include Alcohol Facts labeling? How do those benefits compare to the costs and regulatory burdens associated with such revisions? The current information on alcoholic beverage labeling is sufficient. The inclusion of the ""Alcohol Facts"" panel would not provide any benefits to consumer s and would generate unnecessary costs and regulatory burdens. 7. How, if at all, would the new mandatory labe",11.0,9,TTB-2025-0002
21,"clutter, becomes, qr, code, this, labels, up","This label requirement will not help the consumer to make informed decisions. It will just clutter the label and confuse the consumer. If this becomes a requirement, please allow a QR code to be printed in the label and lined to the website ||| There is no need to clutter up the labels with excessive information. my primary suggestion is if this info becomes required, that the TTB allow it to be provided with a QR code instead of having to clutter up labels with all that additional (& ugly!) text. ||| I find this unnecessary but if it becomes mandatory do not clutter up more product labels (consumers will NOT read more clutter) use a QR code.",21.0,8,TTB-2025-0002
13,"the, spirits, eu, in, and, facts, we","spiritsEUROPE rue Belliard, 12 – Bte 5 | 1040 Brussels, Belgium Tel: + 32 (2) 7792423 | info@spirits.eu | www.spirits.eu spiritsEUROPE Comments Notification G/TBT/N/USA/2182 Alcohol Facts Statements in the Labeling of Wines, Distilled Spirits, and Malt Beverages Introduction spiritsEUROPE represents the interests of the European distilled spirits industry. Our members include 31 national associati ||| De Maison Selections Inc. is a small business with 20 employees that imports fine wine, cider, and spirits from small, family-run wineries in France and Spain. We are commenting on the questions the TTB posed in the proposed rulemaking notice. Although there has been little to no demand for nutritional information from our distributors and consumers, we understand the motivations behind t ||| Public Comment on Alcohol Facts Statements in the Labeling of Wines, Distilled Spirits, and Malt Beverages [Docket No. TTB-2025-0002; Notice No. 237] De Maison Selections Inc. is a small business with 20 employees that imports fine wine, cider, and spirits from small, family-run wineries in France and Spain. We are commenting on the questions the TTB posed in the proposed rulemaking notice. Overal",13.0,8,TTB-2025-0002
29,"attached, see, pdf, please, comment, ,",See Attached ||| See Attached ||| See Attached,29.0,6,TTB-2025-0002
20,"alcoholic, to, calories, beverages, not, is, info","I am strongly in favor of requiring an alcohol facts statements on alcoholic beverages. I realize there are intricacies involved at the regulatory level since the FDA has authority over food labeling while the TTB has authority over alcohol labeling, but from the perspective of a general citizen, it does not make sense that foods and nonalcoholic beverages are required to declare nutrition facts b ||| requirements? Our position highli ghts that requiring the ""Alcohol Facts"" panel on labels would not genuinely benefit consumers. From a public health perspective, the true objective of alcoholic beverage labeling is to discourage harmful alcohol consumption. Including nutritional information on labels could easily lead people to believe that these beverages have some sort of health benefit, which ||| requirements? Our position highli ghts that requiring the ""Alcohol Facts"" panel on labels would not genuinely benefit consumers. From a public health perspective, the true objective of alcoholic beverage labeling is to discourage harmful alcohol consumption. Including nutritional information on labels could easily lead people to believe that these beverages have some sort of health benefit, which",20.0,6,TTB-2025-0002
38,"them, required, clutter, it, text, wineries, up","I don't think this should have to be required on all wine labels but if this info becomes required, I would propose that a small QR code be included on the label instead of having to clutter up labels with all the ugly text! What makes picking wine fun sometimes is picking the wine with prettiest label artwork. ||| If this information becomes mandatory, it will be challenging to fit it, along with all the other required details, onto labels. This change would significantly reduce space for descriptive text and branding graphics. For small wineries, the costs associated with label redesign, compliance, and administrative adjustments would be substantial. These expenses, combined with lab analysis costs— ||| We do not want to have to include those facts on our wine labels because there's already not a lot of room on labels, and those facts will clutter them up and take alway from the look and feel that people gravitate towards. If those facts need to be required or accessible to people, I strongly suggest that the TTB allow it to be provided via a QR code or listed somewhere on wineries' w",38.0,5,TTB-2025-0002
4,"fat, alcohol, be, beverages, of, consumers, sodium","specifically seeks comments on whether fat and protein, which are not typically found in certain alcohol beverages, should be listed only if present at specific levels. If so, what levels should trigger these requirements? TTB also seek comments on whether any other nutrients, such as sodium, caffeine, or sugar, should be required to be listed if present at a specific level, even if they do not other ||| an expectation that labeling is different. Mandatory Calorie & Nutrient Information Should TTB's proposed nutrient content labeling statement be more consistent with the Nutrition Facts Label found on foods that are under FDA's labeling jurisdiction? Alternatively, do the differences between alcohol beverages and other foods make it unnecessary, or even misleading, to adopt the type of nutrient la ||| There is already an expectation that labeling is different. Mandatory Calorie & Nutrient Information 1. Should TTB's proposed nutrient content labeling statement be more consistent with the Nutrition Facts Label found on foods that are under FDA's labeling jurisdiction? Alternatively, do the differences between alcohol beverages and other foods make it unnecessary, or even misleading, to adopt the",4.0,5,TTB-2025-0002
34,"year, taxed, spirits, distilleries, revenue, removals, in","In 2024 total beverage alcohol volumes declined year over year for the first time in many years. This proposal will increase the decline further and put the alcohol industry into a deeper recession. Is now really the time to implement these changes that will be more difficult on the smaller producers? Long term this proposal will result in lowered revenue across the board for all produce ||| and increasingly difficult marketplace in which to operate. The slowing post-pandemic marketplace has hampered U.S. spirits industry revenue, which decreased by $424M in 2024—a 1.1% year over year decline 7—and these trends have only continued in 2025. According to the National Beverage Alcohol Control Association (NABCA), in control states, spirits dollar sales are down 1.4% annually in the 12-mont ||| small distilleries to purchase. We believe that only a relatively small portion of distilled spirits produced by small distillers under a 1 percentage point tolerance would have a low enough alcohol content to experience a significant variation in alcohol content. We also acknowledge that labeled vs. actual alcohol content carries different tax implications for distilled spirits than for malt beve",34.0,3,TTB-2025-0002
19,"allergen, changes, notice, any, members, with, to","above, an analysis of labels from top wine and beer brands that 63% of beers chose to include the statement of average analysis—proof that this is feasible. It is also worth noting that higher prices for alcoholic beverages, assuming that manufacturers pass at least some of any added costs on to consumers, would not be a bad thing from a public health perspective. Policies that increase the price ||| cycle. Another roughly one-third suggested that label redesigns are rare or infrequent but with less clarity on number of years, suggesting a longer time cycle for at least some of their labels. The Brewers Association also supports Notice 237's proposal to allow the addition of nutritional information without the need for a new COLA. Submitting and receiving label approval for a new COLA takes ti ||| choose to comply earlier obviously would be free to do so and, if QR code transmission was permitted, we believe you would see a host of companies able to comply in very quick order given the ease of updating or changing information hosted on those webpages. If required on label, however, some of our members indicated that they would opt to begin to include the required information as a brand goes",19.0,3,TTB-2025-0002
8,"serving, alcohol, statement, the, information, of, in","reflecting Serving Facts information on primary and secondary packaging or near the net contents information on both primary and secondary packaging display panels. However, compliance costs and regulatory burden will increase if the requirements change. * 1. Does the proposal to require alcohol content information as part of the Alcohol Facts statement affect competition or issues addressed by in ||| that the product contains less than 0.5% alcohol by volume, but not require a specific statement of percentage of alcohol by volume. Placement of Alcohol Content Statements as Part of Alcohol Facts Statement 1. Would it be easier for consumers to locate alcohol content information on a label if it is required to be included in the Alcohol Facts statement and if so, why? 2. Alternatively, should TT ||| but not require a specific statement of percentage of alcohol by volume. Placement of Alcohol Content Statements as Part of Alcohol Facts Statement Would it be easier for consumers to locate alcohol content information on a label if it is required to be included in the Alcohol Facts statement and if so, why? Alternatively, should TTB allow alcohol content labeling as an optional element of the Alc",8.0,2,TTB-2025-0002
7,"tolerance, alcohol, content, malt, percentage, for, the","to the IRC? Should TTB increase the labeling tolerance to one percentage point above or below the statement amount for all malt beverage and beers? This would alleviate the need for expensive specialized equipment needed to test for alcohol content to a sufficient degree of certainty to meet the current tolerance standards. Would consumers receive adequate information about the alcohol content of ||| the marketplace if such disclosure is required. TTB also seeks comment on whether consumers would receive adequate information about the alcohol content of malt beverages if the tolerance were increased. BI Response: Applying a basic alcohol disclosure standard – like the mandatory and voluntary standards already in place and adding alcohol by volume to all ""IRC Alcohol beverages"" is appropriate a ||| the marketplace if such disclosure is required. TTB also seeks comment on whether consumers would receive adequate information about the alcohol content of malt beverages if the tolerance were increased. BI Response : Applying a basic alcohol disclosure standard – like the mandatory and voluntary standards already in place and adding alcohol by volume to all ""IRC Alcohol beverages"" is appropriate",7.0,2,TTB-2025-0002
22,"tequila, the, its, of, mezcal, and, la","August, 14, 2025. Agency responsible: Alcohol and Tobacco Tax and Trade Bureau (TTB), Department of the Treasury USA WTO TBT Inquiry Point, Email: usatbtep@nist.gov Subject: Comments on: Alcohol Facts Statements in the Labeling of Wines, Distilled Spirits, and Malt Beverages To whom it may concern, I write to you today on behalf of the Mezcal Sustainability Alliance , a strategic collaboration amo ||| From: Cámara Nacional de la Industria Tequilera To: Alcohol and Tobacco Tax and Trade Bureau (TTB) Subject: Comments on: Alcohol Facts Statements in the Labeling of Wines, Distilled Spirits, and Malt Beverages Docket No. TTB-2025-0002; Notice No. 237 Notification : G/TBT/N/USA/2182 Agency responsible: Alcohol and Tobacco Tax and Trade Bureau (TTB), Department of the Treasury USA WTO TBT Inquiry Po ||| From: Cámara Nacional de la Industria Tequilera To: Alcohol and Tobacco Tax and Trade Bureau (TTB) Subject: Comments on: Alcohol Facts Statements in the Labeling of Wines, Distilled Spirits, and Malt Beverages Docket No. TTB-2025-0002; Notice No. 237 Notification : G/TBT/N/USA/2182 Agency responsible: Alcohol and Tobacco Tax and Trade Bureau (TTB), Department of the Treasury USA WTO TBT Inquiry Po",22.0,2,TTB-2025-0002
37,"notice, listening, sessions, 232, ttb, 73, virtual","statements on a voluntary basis while the Bureau continued to consider the proposed rule. TTB withdrew the Serving Facts rulemaking from the Unified Agenda of Federal Regulatory and Deregulatory Actions in the fall of 2017. In the intervening years, the TTB has received letters from various groups to revisit the potential for changes to beverage alcohol labels. Additionally, in 2022 the Department ||| recommended that the TTB renew their rulemaking on alcohol content, nutritional content, and appropriate serving sizes for alcohol beverage labels. This is Notice No. 237. The information that TTB is proposing is the alcohol facts which includes calorie and nutrient content to consumers. Goldstein (2024) reported consumers need or want to know about the additives and ingredients in alcoholic bever ||| TTB renew their rulemaking on alcohol content, nutritional content, and appropriate serving sizes for alcohol beverage labels. This is Notice No. 237. The information that TTB is proposing is the alcohol facts which includes calorie and nutrient content to consumers. Goldstein (2024) reported consumers need or want to know about the additives and ingredients in alcoholic beverages to avoid for hea",37.0,2,TTB-2025-0002
35,"pg, peg, transparency, and, food, or, in","Propylene glycol (PG) and polyethylene glycol (PEG) are chemical compounds used in various food and pharmaceutical products, including some alcoholic beverages, primarily as stabilizers, solvents, or carriers for flavorings. Disclosing these substances on alcoholic beverage labels is important for several reasons: ⸻ 1. Consumer Health and Safety • Allergic Reactions and Sensitivit ||| July 14, 2025 Mary G. Ryan Administrator Alcohol and Tobacco Tax and Trade Bureau (TTB) U.S. Department of Treasury Comment on Proposed Rules re Alcohol Facts Statements, Major Food Allergens in the Labeling of Wines, Distilled Spirits, and Malt Beverages (Dockets No. TTB-2025-0002; TTB-2025-0003) VIA ONLINE SUBMISSION Dear Administrator Ryan: Consumer Federation of America appreciates the opportu ||| that may cause adverse reactions.2 A product that was once safe to consume may change formulations without the consumer's knowledge. This lack of labeling creates unnecessary risk for individuals with food sensitivities or health conditions. While this proposed rule does not address allergen disclosure, like that of Docket No. TTB-2025-0003,3 it lays the foundation for consumer transparency among",35.0,2,TTB-2025-0002
30,"cost, wine, inventories, wineries, that, analysis, existing","take up to two years to implement. Beyond the vineyard and winery, the wine marketplace is also distinct in terms of both the number of producers and unique wines available. According to TTB, there are currently more than 17,500 bonded wine producers across the US and approximately 6,300 of them are in California. Like our membership, the overwhelming majority of these are small, family-owned Page ||| are concerned that TTB 's cost analysis does not fully reflect the likely fiscal impact on the nation's 17,000+ wineries. TTB's analysis of the cost impact on wineries is based in large part on NielsenIQ data including an estimate of the number of universal product codes (UPCs) associated with wines in the US marketplace. We are very concerned that focusing on UPCs may vastly undercount the number ||| information that can be changed without the need for a new COLA which suggests that many COLAs may be active in the marketplace for multiple years (if not many years). As a result, bw166 estimates that there are between 300,000 and 400,000 distinct wine products for sale in the US at any given time and which would require a newly designed label 1 https://www.bw166.com/data-science-services/ Page 3",30.0,2,TTB-2025-0002
33,"drink, standard, guidelines, drinking, of, consumers, alcohol","moderate drinking advice, such as the statement: ""The Dietary Guidelines for Americans recommend that adults who choose to drink should limit intake to two standard drinks or less in a day for men and one standard drink or less in a day for women (on days when alcohol is consumed)"" 26 in bold, as illustrated in Figure 1 (above). Consumers can only follow moderate drinking advice to the extent they ||| Dietary Guidelines for Americans, 2020–2025, use the terms ''drink,'' and ''alcoholic drink equivalent,'' and seeks comments on whether any of those terms should be used or defined for use on labels. ""Alcoholic drink equivalent"" is unnecessarily garbled. While many consumers understand what a ""drink"" is, few have ever encountered the phrase ""alcoholic drink equivalent."" If the goal is providing co ||| the proposed Alcohol Facts statement improve the ability of consumers to follow the consumption and moderation advice provided by governmental and health agencies, if they so choose? Is there a better way of presenting the volume of alcohol content per serving? Specifically, should the term ""standard drink"" be defined and used in place of or in addition to fluid ounces of pure ethyl alcohol per se",33.0,1,TTB-2025-0002
36,"abv, wine, is, alcohol, of, content, as","wines. This is true in the US and many parts of the world. As a result, consumers are already familiar with and understand how to interpret ABV levels in wines. This consumer acceptance of ABV labeling is reflected not only in the US's current labeling regulations but also in multiple trade agreements to which the US is a party. The World Wine Trade Group Agreement on Requirements for Wine Labelin ||| statement on the labels of beers not defined as ""malt beverages."" These products, which are under FDA labeling jurisdiction, are required to bear the ""Nutrition Facts"" panel, but consumers often miss out on vital alcohol content information because %ABV is not mandatory. This information is both important for public health and, as explained in the rule, would facilitate revenue protection by makin ||| track their consumption. The risks from acute overconsumption, when comparing e.g. half a bottle of 8% ABV wine to half a bottle of 13% ABV wine, are moderate but present. The risks from chronic consumption at that level are substantial. While we maintain that the ""j-shaped curve"" is largely an artifact of poor study design,6 even studies which support that curve find that purported benefits evapo",36.0,1,TTB-2025-0002
15,"the, products, that, to, or, for, on","Sugar Content Statements Should Remain Optional In its NPRM, TTB proposed to allow optional sugar content statements as part of the Alcohol or Serving Facts statement. DISCUS supports the optional inclusion of sugar content statements, consistent with the current approach, and agree with its inclusion in the Alcohol or Serving Facts statement if provided. D. Inclusion of Micronutrients Should Rema ||| information, such as serving size, number of calories and grams of carbs, protein, and fat per serving size, through either of the currently TTB-approved formats (Serving Facts panel or statement of average analysis) on new labels by June 2024.18 This information is now available for all spirits products distributed in the United States by DISCUS Director Members, either displayed directly on the ||| the stringently regulated di stillation process, Scotch Whisky spirits do not contain carbohydrates, fat, or protein. Requiring extensive nutritional information on labels, especially when most of the nutritional facts are not applicable to distilled spirits, risks confusing consumers into the belief that they have a ""nutritional benefit"" and that some alcoholic beverages are more nutritious than",15.0,1,TTB-2025-0002
31,"june, accessed, 2025, 11, alcohol, and, beverages","August 15, 2025 Regulations and Ruling Division Alcohol and Tobacco Tax and Trade Bureau 1310 G Street NW, Box 12 Washington, DC 20005 Comment on Proposed Rule: Alcohol Facts Statements in the Labeling of Wines, Distilled Spirits, and Malt Beverages (Docket No. TTB-2025-0002) The undersigned organizations call on the Alcohol and Tobacco Tax and Trade Bureau (TTB) to finalize the proposed rule mand ||| for those looking to avoid allergens—such as sulfites and grains like wheat, rye, or barley—or animal products that are sometimes used as flavoring or fining agents, which are used to filter out impurities and improve the clarity of some alcoholic beverages. 7 Common animal-based fining agents include milk byproducts including whey, casein, and lactose. Other ingredients commonly found in alcoholi ||| April 23, 2025 Director Regulations and Ruling Division Alcohol and Tobacco Tax and Trade Bureau 1310 G Street NW. Box 12 Washington, DC 20005 Re: Alcohol Facts Statements in the Labeling of Wines, Distilled Spirits, and Malt Beverages (Docket No. TTB-2025-0002) To Whom it May Concern, The American Society for Nutrition (ASN) appreciates the opportunity to comment on Alcohol Facts Statements in th",31.0,1,TTB-2025-0002
27,"ciders, hard, cider, nutritional, and, to, fermentation","Additional on -product labelling requirements present numerous disadvantages both to consumers and businesses, particularly SMEs. Distilled spirits are one of the most highly regulated products in the United States, subject to rigorous pre -approval processes for labels and formulas. Despite this, the industry has proactively developed and implemented various self-regulatory initiatives to provide ||| 1 Comments on Alcohol Facts Statements in the Labeling of Wines, Distilled Spirits, and Malt Beverages Docket No. TTB-2025-0002, Notice No. 237, RIN 1513-AC93 I appreciate the opportunity to offer my individual comments on the proposed rule regarding Alcohol Facts statements in the labeling of wines, distilled spirits, and malt beverages. The intent and purpose of this rule are commendable, as it ||| hard ciders due to their unique characteristics, rather than jamming them into a non-germane category. Hard ciders differ from other alcoholic beverages in alcohol content, packaging sizes, fermentation processes, and nutritional profiles. Alcohol Content: Hard ciders vary significantly in alcohol content, from low-alcohol variants to levels comparable to wine or beer. Clear guidelines based on al",27.0,1,TTB-2025-0002
26,"disclosures, electronic, bi, information, label, the, ttb","it include the option of satisfying the requirement by making the information available electronically, for example by including a QR code or website address on the label to allow consumers to view mandatory Alcohol Facts statements on their mobile devices instead of on the product label? Would this option provide consumers with sufficient access to Alcohol Facts information at the retail store so ||| BI sees no benefits to aligning nutrition and alcohol content disclosures in the United States with requirements from other countries with different laws and regulatory structures. The costs of compliance and regulatory burden would increase, and consumers in the U.S. may be more confused than informed by labeling requirements imported from other markets. 53. If TTB adopts mandatory Alcohol Facts ||| aligning Alcohol Facts information to requirements of other countries? BI Response: BI sees no benefits to aligning nutrition and alcohol content disclosures in the United States with requirements from other countries with different laws and regulatory structures. The costs of compliance and regulatory burden would increase, and consumers in the U.S. may be more confused than informed by labeling",26.0,1,TTB-2025-0002
24,"fevs, content, the, statement, alcohol, to, of","proposed by TTB as well as the use of ""typical value"" charts in order to ease the ability of wine and spirits operators, especially SMEs, fulfilling the envisaged requirements. FEVS strongly encourages TTB to work as far as possible with US trade partners to develop a coordinated approach on these ""typical values"". FEVS would like also to stress the importance of including in the TTB regulation th ||| small batches and cannot spread testing costs over many units. Mandatory Listing of Alcohol by Volume on All Alcohol Beverage Products We have no objections to the proposal requiring an alcohol content statement expressed as a percentage of alcohol by volume on all alcohol beverage labels. This requirement does not pose any issues, as it is already mandatory in Argentina to indicate the alcohol co ||| small batches and cannot spread testing costs over many units.* Mandatory Listing of Alcohol by Volume on All Alcohol Beverage Products *We have no objections to the proposal requiring an alcohol content statement expressed as a percentage of alcohol by volume on all alcohol beverage labels. This requirement does not pose any issues, as it is already mandatory in Argentina to indicate the alcohol",24.0,1,TTB-2025-0002
23,"smartlabel, product, information, pages, brands, the, page","of consumers believe that integrating product information with SmartLabel will improve their impression of the brand. Consequently, SmartLabel food labeling provides the product information consumers seek to make informed decisions about the CPG products they purchase. SmartLabel Standardizes the Product Data Display SmartLabel complies with GS1 data standards (sourced via the Global Data Synchron ||| brand owners and grocery retailers to give consumers access to more detailed product information than could ever fit on a package. SmartLabel serves as the defacto standard for consumer transparency and allows brands to display state and federally mandated and voluntary label information . Currently 80 parent companies participate in the SmartLabel program, representing more than 1,000 brands and ||| Research Validates SmartLabel as a Digital Transparency Tool Through consumer research , SmartLabel has confirmed that consumers expect the labeling information in SmartLabel to be consistent with the information on the label. As noted, the program SmartLabel® Comments to Docket No. TTB-2025-0002; Notice No. 237 July 9, 2025 Page 8 of 10 conducts annual reviews of SmartLabel pages to ensure the da",23.0,1,TTB-2025-0002
28,"gs1, barcodes, standards, 2d, data, identification, can","can be applied to support industry compliance with Alcohol Facts requirements: 1. Identification: GS1 Standards enable the unique identification of products, logistics units, parties, locations, assets, documents, and relationships across the supply chain—from the www.gs1us.org 3 manufacturer to the consumer. These identifiers provide a standardized method to recognize and track items, ensuring co ||| declarations, information regarding sustainability practices, or responsible consumption messaging. A GS1 Digital Link enabled QR code can provide consumers with access to detailed product and nutritional information, including allergens and dynamic data such as recalls or safety alerts, through a simple smartphone scan. In addition to enhancing consumer access to product and nutritional informati ||| development of new global standards when necessary. Beyond operational efficiencies for trading partners, GS1 Standards help empower consumers to make informed choices and trust their purchases by facilitating access to the information they want and need about those products. 2D Barcodes: Enhancing Transparency in Alcohol Labeling GS1 US recognizes the importance of enhancing transparency and prov",28.0,1,TTB-2025-0002
