topic_num,top_words,sample_comments,bertopic_dominant_topic,size
-1,"to, and, the, food, rule, this, labeling","could apply to alcoholic beverage purchasing. This can be a win-win for those with food allergies and beverage alcohol companies by adopting clear food allergen labeling. Speciﬁc Comments on the Proposed Rule Allergen disclosure terminology and naming conventions FARE supports including mandating disclosure and the language of “Contains Major Food Allergen (s)” and strongly recommends that TTB con ||| regulation for voluntary allergen declaration in alcoholic beverages. However, i f it is decided to move forward with this proposal that would modify alcoholic beverage labelling, it is essential to allow the use of technological tools on the label to provide additional information. This can be achieved through electronic labelling, using a QR code, a digital medium, or a website. This tool offers ||| regulation for voluntary allergen declaration in alcoholic beverages. However, i f it is decided to move forward with this proposal that would modify alcoholic beverage labelling, it is essential to allow the use of technological tools on the label to provide additional information. This can be achieved through electronic labelling, using a QR code, a digital medium, or a website. This tool offers",-1.0,34
6,"gluten, can, alcohol, allergies, have, beverages, food","Hi, my name is Spencer Sierra. First, I want to thank you for taking the time to read this. I&#39;m writing because I believe that all wines, distilled spirits, and malt beverages should be required to include allergy labels. As someone with a peanut allergy, I understand how serious and potentially life-threatening allergies can be. I also have a cousin with celiac disease, and on multiple occasi ||| I am strongly in favor of requiring major food allergen labeling on alcoholic beverages. I realize there are intricacies involved at the regulatory level since the FDA has authority over food labeling while the TTB has authority over alcohol labeling, but from the perspective of a general citizen, it does not make sense that food and nonalcoholic beverages are required to declare their major aller ||| should be displayed in multiple languages. For those with English as a second language, interacting with customer service is a difficult barrier to obtaining clear health information. 8. Alcohol is a cofactor that can complicate reactions by reducing the amount of allergen it takes to trigger a reaction2. Because of this, people with food allergies limit themselves to only a few trusted brands or ",6.0,28
4,"wine, wineries, that, and, fining, the, small","Canada scientists have concluded that the use of allergen-derived fining agents does not normally result in any appreciable amount of protein from food allergens remaining in the wine, particularly when usual manufacturing practices such as filtration steps are employed. As such, the use of food allergen -derived fining agents in wine production, following good manufacturing practices, is not expe ||| August 13, 2025 Ms. Amy Greenberg Director, Regulations and Rulings Division Alcohol and Tobacco Tax and Trade Bureau 1310 G St. NW, Box12 Washington, DC 20005 Re: Docket No. TTB-2025-0003; Notice No. 238: Major Food Allergen Labeling for Wines, Distilled Spirits, and Malt Beverages Dear Ms. Greenberg: Family Winemakers of California is a trade association which advocates for predominately small,  ||| August 13, 2025 Ms. Amy Greenberg Director, Regulations and Rulings Division Alcohol and Tobacco Tax and Trade Bureau 1310 G St. NW, Box12 Washington, DC 20005 Re: Docket No. TTB-2025-0003; Notice No. 238: Major Food Allergen Labeling for Wines, Distilled Spirits, and Malt Beverages Dear Ms. Greenberg: Family Winemakers of California is a trade association which advocates for predominately small, ",4.0,25
9,"labeling, rule, beverages, and, allergies, to, alcoholic","Dear Alcohol and Tobacco Tax and Trade Bureau, <br/><br/>As a consumer, I feel alcoholic beverages should be required to disclose ingredients and major food allergens. Please act swiftly to finalize the proposed rule: Major Food Allergen Labeling for Wines, Distilled Spirits, and Malt Beverages, and require on-package labeling of major food allergens. <br/><br/>Roughly 11% of U.S. adults have food ||| I strongly support the Alcohol and Tobacco Tax and Trade Bureau’s proposed rule requiring mandatory allergen labeling on alcoholic beverages. This regulation plays a big role in protecting consumer health and safety while helping consumers stay informed. However, I recommend a couple of modifications to strengthen the rule’s effectiveness while reducing unnecessary burden on industry. The proposed ||| Comment on Proposed Rule: Major Food Allergen Labeling for Wines, Distilled Spirits, and Malt Beverages (Docket No. TTB-2025-0001) Submitted by: Recover Alaska Date: August 7, 2025 To Whom It May Concern, Thank you for the opportunity to comment on this important rulemaking to require allergen labeling for alcoholic beverages. Recover Alaska strongly supports this proposed rule as a meaningful ste",9.0,19
17,"alcohol, beverages, allergens, alcoholic, to, and, allergies","We&rsquo;re students advocating for the protection of people with allergies. We strongly support the labeling disclosure of all major food allergens for the safety and health of consumers of alcoholic beverages, and we urge you to approve this regulation. All consumers, regardless of allergy, should feel safe and informed in their choices. While ingredients are still listed on alcoholic products,  ||| is some possible pushback from the industry as they are concerned about loss of profit. For the producers, entering into a mandatory allergen disclosure, similar to the FDA’s, would mean facilities would have to be inspected and factories would be responsible for controlling the handling of allergen material (Program). They would also have to remake transparent packaging and possibly incur loss of ||| The Alcohol and Tobacco Tax and Trade Bureau (TTB) has proposed to require all alcoholic beverages to be labeled and disclose major food allergens associated with their production. I agree with this proposition and advocate for its approval as keeping the labeling legislation for alcoholic beverages poses severe risks to consumers with those major allergies. Most advocates on this matter believe t",17.0,17
5,"spirits, distilled, distillation, the, and, labeling, proposed","SWA RESPONSE - Docket No. TTB–2025–0003; Notice 238 1 15 August 2025 Director Regulations and Ruling Division , Alcohol and Tobacco Tax and Trade Bureau 1310 G Street NW, Box 12 Washington, DC 20005 Re: Docket No. TTB -2025-0002; Notices No. 237 and 238 – Alcohol Facts Statements in the Labeling of Wines, Distilled Spirits, and Malt Beverages; and Major Food Allergen Labeling for Wines, Distilled  ||| adoption of allergen advisory labelling for distilled spirits . Proper distillation practices ensures that no protein is contained in the distilled product or distilled ingredient . Furthermore, allergen advisory labelling such as “May contain: [ ]” has the potential to create more confusion for consumers and does not provide clear actionable messaging regarding the presence of a major food allerg ||| spiritsEUROPE rue Belliard, 12 – Bte 5 | 1040 Brussels, Belgium Tel: + 32 (2) 7792423 | info@spirits.eu | www.spirits.eu spiritsEUROPE Comments Notification G/TBT/N/USA/2183 Major Food Allergen Labeling for Wines, Distilled Spirits, and Malt Beverages Introduction spiritsEUROPE represents the interests of the European distilled spirits industry. Our members include 31 national associations of spir",5.0,16
22,"files, attached, see, text, full, comment, found",See attached file(s) ||| See attached file(s) ||| See attached document for full comment,22.0,15
16,"tbt, email, wto, enquiry, comments, tequila, 2025","August 14, 2025. Agency responsible: Alcohol and Tobacco Tax and Trade Bureau (TTB), Department of the Treasury USA WTO TBT Inquiry Point, Email: usatbtep@nist.gov Subject: Comments on: Major Food Allergen Labeling for Wines, Distilled Spirits, and Malt Beverages To whom it may concern, I write to you today on behalf of the Mezcal Sustainability Alliance, a strategic collaboration among companies  ||| From: Cámara Nacional de la Industria Tequilera To: Alcohol and Tobacco Tax and Trade Bureau (TTB) Subject: Comments on: Major Food Allergen Labeling for Wines, Distilled Spirits, and Malt Beverages Docket No. TTB–2025–0003; Notice No. 238 Notification : G/TBT/N/USA/2183 Agency responsible: Alcohol and Tobacco Tax and Trade Bureau (TTB), Department of the Treasury USA WTO TBT Inquiry Point, Email: ||| From: Cámara Nacional de la Industria Tequilera To: Alcohol and Tobacco Tax and Trade Bureau (TTB) Subject: Comments on: Major Food Allergen Labeling for Wines, Distilled Spirits, and Malt Beverages Docket No. TTB–2025–0003; Notice No. 238 Notification : G/TBT/N/USA/2183 Agency responsible: Alcohol and Tobacco Tax and Trade Bureau (TTB), Department of the Treasury USA WTO TBT Inquiry Point, Email:",16.0,11
25,"this, seems, really, bill, allergies, proposal, here","the end of the day, this proposal feels like a solution in search of a problem. It won&rsquo;t make consumers safer, but it will cost producers money, create confusion, and set a precedent for more unnecessary regulation. I urge you to reconsider and work with the industry on alternatives that actually make sense. ||| Please sign this bill into law. With a strong reasoning for government action, the legal publishing and transparency around food labeling is critical to the health and safety of the general public. The importance of setting a legal standard across all consumed goods reflects the nature that one&#39;s health takes priority over companies&#39; advertising budgets and aesthetics. This bill could redu ||| I am in support of this, but the third exception (TTB Petition) that is stated here seems really vague, and I think it could use some quantitative data behind it to help people who are considering using this option have a bit more clarity.",25.0,9
27,"qr, codes, health, onlabel, public, code, nutritional","by volume (ABV), ingredient lists, common allergens, calories per serving, and nutritional information. * Limit the use of QR codes to **supplemental information only**, not as a substitute for on-label transparency. * Establish **mandatory labeling standards** across the alcohol industry to promote consistency and prevent consumer confusion. Consumers deserve to know exactly what they’re consumin ||| 1 Comment on TTB Notice No. 238 – Proposed Revisions to Malt Beverage Labeling and Advertising Regulations Subject: Public Health Concerns and Recommendations Regarding Alcohol Labeling Transparency Dear TTB, As a public health advocate, I appreciate the opportunity to comment on Notice No. 238. I strongly support TTB’s efforts to modernize and improve the transparency of malt beverage labeling. A ||| **Comment on TTB Notice No. 238 – Proposed Revisions to Malt Beverage Labeling and Advertising Regulations** **Subject: Public Health Concerns and Recommendations Regarding Alcohol Labeling Transparency** Dear TTB, As a public health advocate, I appreciate the opportunity to comment on Notice No. 238. I strongly support TTB’s efforts to modernize and improve the transparency of malt beverage label",27.0,7
14,"contains, declaration, followed, allergen, the, major, name","On the contrary, this would increase costs for m anufacturers, importers, and distributors. This practice could be considered a technical barrier to trade, which would go against Article 2.2 of the World Trade Organization's Agreement on Technical Barriers to Trade, which seeks to avoid the creation of unnecessary trade barriers. Moreover, the CODEX Alimentarius, in its revision of the General Sta ||| of the food source of each allergen (e.g., ""Contains: egg""). However, the TTB proposal seeks to make allergen declaration mandatory. It should be noted that the TTB proposes an exemption for allergen declaration in distilled alcoholic beverages, provided that an allergen or ingredient containing it undergoes a distillation process that completely removes any protein, allergenic or not, in the dist ||| of the food source of each allergen (e.g., ""Contains: egg""). However, the TTB proposal seeks to make allergen declaration mandatory. It should be noted that the TTB proposes an exemption for allergen declaration in distilled alcoholic beverages, provided that an allergen or ingredient containing it undergoes a distillation process that completely removes any protein, allergenic or not, in the dist",14.0,7
32,"year, rule, would, this, cost, period, proposed","This rule would keep our community safer by protecting people with allergens. People deserve to know exactly what is in what they&rsquo;re consuming. If there is any amount of the substance in the beverage, it should be reported. While I understand that this information makes packaging less physically appealing, the overall benefit to the community&rsquo;s safety is worth it. <br/> ||| This is a non-issue pushed by nefarious actors who are actively pushing against the alcohol industry. This proposed rule would add increased cost to our labels, require the incurred cost of additional time to comply, and require us to change our labels at great cost to provide this information that NO consumers are asking for. People that consume alcohol are aware of the risks thanks to the existi ||| potentially harm the market and have an overall negative impact on commerce. With this point, it can most definitely be argued to the extent of whether the impact on commerce would be substantial. Now, moving away from the labels themselves and the ingredients listed on them, I am also in support of the proposed rule because of the effective date and compliance with the proposed regulations the ru",32.0,7
23,"alcohol, public, labeling, health, ingredient, consumer, fulfill","On behalf of A Voice for Choice Advocacy, we believe that the Alcohol and Tobacco Tax and Trade Bureau (TTB) should mandate ingredient labeling of all contents used in the production of alcoholic beverages regulated under the Federal Alcohol Administration Act. This requirement is essential for several reasons.<br/> <br/>Firstly, food allergies are a significant public health concern. According to ||| On behalf of A Voice for Choice Advocacy, we believe that the Alcohol and Tobacco Tax and Trade Bureau (TTB) should mandate ingredient labeling of all contents used in the production of alcoholic beverages regulated under the Federal Alcohol Administration Act. This requirement is essential for several reasons. Firstly, food allergies are a significant public health concern. According to the Cente ||| On behalf of A Voice for Choice Advocacy, we believe that the Alcohol and Tobacco Tax and Trade Bureau (TTB) should mandate ingredient labeling of all contents used in the production of alcoholic beverages regulated under the Federal Alcohol Administration Act. This requirement is essential for several reasons. Firstly, food allergies are a significant public health concern. According to the Cente",23.0,6
10,"bidenproposed, rule, executive, competition, treasury, small, the","implementing the President's “Department of Government Efficiency” Deregulatory Initiative (February 19, 2025), 90 Fed. Reg. 10583 (February 25, 2025), section 2. 12 Executive Order 14267, Reducing Anti-Competitive Barriers (April 9, 2025), 90 Fed. Reg. 15629 (April 15, 2025), sections 1 and 3. 3. These Biden-proposed Rules Originated from a Flimsy Record TTB says'® it pursued the Biden-proposed r ||| imposes massive costs on the lives of millions of Americans, creates a substantial restraint on our economic growth and ability to build and innovate, and hampers our global competitiveness.” He also said: “It is the policy of my Administration to significantly reduce the private 8 90 Fed. Reg. at 5775, col. 3 (in reference to the Biden-proposed Allergen Labeling rule: “TTB considered other option ||| that agency heads should identify regulations that undermine the national interest, including “regulations that impose significant costs upon private parties that are not outweighed by public benefits” and “regulations that impose undue burdens on small businesses and impede private enterprise and entrepreneurship.”*' On April 9, 2025, the President issued Executive Order 14267 on “Reducing Anti- ",10.0,6
11,"allergen, statement, major, food, contains, allergens, the","Labeling and Consumer Protection Act principles and international standards. For example, EU regulations do not require listing allergens that have been fully transformed in production or when the product name clearly identifies an allergenic ingredient (such as hazelnut liqueur). The U.S. should avoid unnecessary, misleading, or redundant allergen disclosures that provide no additional safety ben ||| to undergo costly relabeling revisions to bring their labels into compliance. If TTB maintains the current language, no label changes would be needed for those products, which would save suppliers thousands of dollars per brand and free up logistics and supply chain focus for other products. For these reasons, TTB should retain the current statement language outlined in the voluntary allergen labe ||| industry implementation of the voluntary framework, especially when this language is universally recognized by consumers and consistent with the allergen disclosures required by the Food Allergen Labeling and Consumer Protection Act of 2004 (FALCPA). Consumers will most beneﬁt from an approach that is consistent with the deﬁnition and disclosure of ""major food allergen"" that already exists under F",11.0,6
13,"alcohol, food, people, and, allergies, beverages, labeling","visits increased throughout the 15 years. With this rising trend it would be wise to create a proactive regulation instead of a reactionary regulation. <br/><br/>According to the National Survey on Drug Use and Health of 2023, there were 224.3 million people ages 12 and older or 79.1% of people in the US had drunk alcohol at some point in their life. A rough calculation would determine that approx ||| Notice No. 238: Major Food Allergen Labeling for Wines, Distilled Spirits, and Malt Beverages Posted by the Alcohol and Tobacco Tax and Trade Bureau Since the creation of the Alcohol and Tobacco Tax and Trade Bureau (TTB) in 2003 after an extensive reorganization of the Bureau of Alcohol, Tobacco, Firearms, and Explosives (ATF), the TTB has been the main agency in control of alcoholic beverages. T ||| to consumption of alcohol, but highlights the importance and need to minimize harmful situations. This study also found a concerning trend that hospitalizations and ED visits increased throughout the 15 years. With this rising trend it would be wise to create a proactive regulation instead of a reactionary regulation. According to the National Survey on Drug Use and Health of 2023, there were 224.",13.0,6
1,"skin, challenge, clinical, fish, allergy, prick, will","the number of subjects available to participate in such studies. In the context of this Application, oral challenges are conducted to determine whether or not the test samples (isinglass used as a fining agent) can provoke an allergic reaction in fish- allergic individuals. A protocol for DBPCFC tests were developed by FARRP using isinglass prepared according to the new protocol. Fish-allergic pat ||| an unlikely allergen and that isinglass contains insufficient parvalbumin to elicit reactions in fish-allergic individuals. A clinical challenge trial was needed to confirm this suspicion that ingestion of typical quantities of isinglass does not pose a hazard to fish-allergic individuals. In this section of the report, the results of oral challenges of 15 fish-allergic individuals are presented.  ||| allergen. Although SPT for food allergy is valid, interpretation can be complex and positive tests often occur without clinical allergy (ASCIA-SPT Manual 2006). 52 The Applicant provided information on skin prick tests performed using extracts from a number of the fish species that are used in the manufacture of commercial isinglass. Flesh and swim bladder extracts were prepared from six fish spec",1.0,6
35,"doi, please, we, threatening, gupta, justice, rs","Allergen information and nutritional labels should be provided on every package so that consumers are best able to make fully educated decisions about the products they are consuming. There should be no exceptions ||| them. Allergen information should be as available beachside as it is in the grocery store, and the only way to ensure this is to include the information directly on the packaging. As a final note—we join with the Center for Science in the Public Interest (CSPI) and other groups in urging TTB to require full ingredient labeling for all products. While the allergen warnings are important to prevent  ||| Nearly 26 million adults in America are affected by a food allergy. Approximately 3% of those affected have life threatening symptoms. It&rsquo;s unbelievable that in our country, we allow for anything consumable to be an unknown life threat to anyone. Please change your label rules so that ALL can consume these products safely.",35.0,6
42,"wines, beverage, think, malt, beverages, this, consume","I stand with the new proposal to require allergen labeling for wines, distilled spirits, and malt beverages. This regulation is essential to ensure that consumers are fully informed about the ingredients in the beverages they consume and to reduce the risk of allergic reactions due to misinformation. For individuals with allergies, drinking a beverage containing an allergen poses the same health r ||| I support the proposal to require disclosure of major food allergens on wines, distilled spirits, and malt beverage labels. Consumers deserve clear and consistent information about ingredients that may pose health risks to potential buyers. This rule aligns alcohol labeling with existing food allergen standards and promotes transparency and safety for individuals with allergies. The proposed compl ||| I think it is due time that beverage companies be held to the same transparency that all food &amp; other adhere too. This is apparent for many reasons including toxic materials, dietary decisions, and allergens. I think a few consumers who follow vegan lifestyles may find it upsetting to have their wines and beverages filtered by fish or egg by products. My wife has many allergies including peas ",42.0,5
38,"introduction, attached, figure, discussion, results, materials, table",See Attached ||| See Attached ||| Section Page Title Page ................................................................................................................... ................................... 1 Signatures of Final Report Approval .......................................................................................... .................. 2 Table of Contents ........................................................,38.0,5
34,"small, without, wineries, businesses, georgias, economy, local","Dear TTB, I’m writing as the owner of Three Sisters Winery, aka, Chestatee Valley Vintners to share my concerns about TTB’s proposed rule, Notice No. 237 and No. 238, which would require new “Alcohol Facts” labels on wine bottles. While I support educating consumers, this rule would create serious financial challenges for small wineries in Georgia. Redesigning labels and testing for nutritional co ||| Alcohol and Tobacco Tax and Trade Bureau Regulations and Rulings Division 1310 G Street, NW, Box 12 Washington, DC 20005 Dear Alcohol and Tobacco Tax and Trade Bureau, As the proprietor of Georgia Winery, | am writing to express my concerns regarding the Alcohol and Tobacco Tax and Trade Bureau’s (TTB) proposed rule, Notice No. 237 and Notice No. 238, which would mandate the inclusion of “Alcohol  ||| relationship. Operational Challenges Implementing the “Alcohol Facts” labeling would require wineries to conduct detailed analyses of their products to determine accurate nutritional content. This process involves laboratory testing and compliance verification, demanding both time and financial resources. Small wineries may find it particularly challenging to absorb these costs without compromisin",34.0,5
50,"serving, served, per, like, can, public, rule","I believe this is a significant and vital rule to ensuring public health. Food allergies are extremely serious and can cause not only damage to personal health, sickness, or even death; but can even have a negative impact on the medical and health systems as a whole. By introducing this rule, it can serve to lower the potential chance that allergic reactions caused by unlabeled drinks &mdash; such ||| The proposed rule by the TTB is a great rule especially with how in the past allergens where listed as an option. Allergens like milk, fish, soy and peanuts are important due to how an allergic reaction can happen or could potentially kill the drinker, By the Brewers Association the rule it will also disclose, Serving size, number of servings per container, alcohol content, number of ounces per se ||| The proposed rule by the TTB is a great rule especially with how in the past allergens were listed as an option. Allergens like milk, fish, soy and peanuts are important due to how an allergic reaction can happen or could potentially kill the drinker, By the Brewers Association the rule it will also disclose, Serving size, number of servings per container, alcohol content, number of ounces per ser",50.0,4
48,"discriminated, allergies, beverages, lives, save, suffer, wines","I think labeling products used is a great idea. I have family members with severe food allergies, and she has had reactions from wines and other alcoholic beverages that use some of the allergens in the process, but aren&rsquo;t ingredients. Implementing this rule would greatly help with this issue and provide safety and peace of mind. ||| As a college student, alcohol drinking is very prominent and so are allergies. If seltzers have allergens, why do wines, distilled spirits and malt beverages not? I and many other students suffer from an allergy and we feel discriminated against. I highly urge the companies to start including allergens on the bottle of these beverages not just for me, but for all of those feeling discriminated due ||| Wines, distilled spirits, and malt beverages should be labeled with complete ingredients lists so that people who have allergies which do not fall under the broad umbrella of &quot;major food allergens&quot; can stay safe and avoid the things which will provoke an allergic reaction. Since allergies can present a potentially serious risk to individual wellbeing, it is essential that the public is p",48.0,4
52,"more, think, believe, there, labeling, some, makers","​For just about 20 years, there has been ​ongoing rulemaking about allergen labeling. ​There have been some changes but mostly small ones. Today, I believe more and more people think this ​allergen labeling is important and that​ it is a good thing for the labeling rules to adjust to.<br/><br/>Over the past twenty years, studies have shown an increase in allergies. Some attribute this to better te ||| My Comment: ​For just about 20 years, there has been ​ongoing rulemaking about allergen labeling. ​There have been some changes but mostly small ones. Today, I believe more and more people think this ​allergen labeling is important and that​ it is a good thing for the labeling rules to adjust to. Over the past twenty years, studies have shown an increase in allergies. Some attribute this to better ||| My Comment: For just about 20 years, there has been ongoing rulemaking about allergen labeling. There have been some changes but mostly small ones. Today, I believe more and more people think this allergen labeling is important and that it is a good thing for the labeling rules to adjust to. Over the past twenty years, studies have shown an increase in allergies. Some attribute this to better test",52.0,4
2,"parvalbumin, cod, elisa, fish, samples, extracts, were","(Aalberse, 2000), the applicants conclude that high levels of sequence identity were observed th at indicate a high likelihood of antibody cross- reactivity. ELISA tests based on carp and cod parvalbumins were developed. The anti-carp parvalbumin monoclonal antibody-based competitive ELISA was capable of detecting 0.05 µg/mL carp parvalbumin in a phosphate buffered saline (PBS) extract (1 µg/g on  ||| used to measure the equivalent content of parvalbumin in isinglass samples or those of other similar matrices. Figure 1.6. Competitive ELISA detection of parvalbumin content in a fish collagen sample using recombinant carp parvalbumin as internal standard. Analysis of Parvalbumin Content of Fish Tissues by Competitive ELISA Using Anti-Carp Parvalbumin Mab Competitive ELISA using anti-carp parvalbu ||| parallel with dilutions of cod parvalbumin, and true quantification therefore is not possible. The non-parallelism is illustrated by the high standard deviation (same order of magnitude as response), and by the increasing calculated value for higher diluted extracts (data not shown here). The non-parallelism may be caused by differences in the affinity of cod parvalbumin and parvalbumin of other f",2.0,4
3,"labelling, exemption, the, to, application, fsanz, wine","be made. FSANZ can prepare a proposal to amend the Code based on emerging evidence, as appropriate. This would apply to any new evidence relevant to the allergenicity of isinglass when used as a clarifying agent in beer and wine. 9.3.4 Provision of information beyond allergenicity • Labelling is required for vegetarians and vegans, and for people with other ethical, religious, environmental or per ||| • removes an unnecessary declaration on the product label and thereby enhances the information related to the allergenicity of the product. • provides fish-allergic consumers with increased choice of beer and wine products; iv • supports industry with an added choice of clarifying agent that does not require allergen declaration; and • the impact analysis concludes that exemption from the requirem ||| described herein were conducted during the period 2004-2007 in support of a submission by BFBi and The Brewers of Europe for an exemption from Annex IIIa of EU Directive 2005/26/EC and thus from the requirement to label isinglass, under allergen labelling regulations, when used as a clarifying aid in brewing. Page 4 of 26 The petitioners note that the European Food Safety Authority (EFSA) delivere",3.0,3
36,"calorie, calories, labels, beverages, alcoholic, adding, being","of us tend to miscount or disregard calorie intake as a whole, particularly discounting alcoholic beverages when it comes to calories. I myself, along with many others I have talked to, did not realize just how many calories were in specific alcoholic beverages themselves; we were also shocked to learn just how many calories were in them. I used to ironically think that the calories &ldquo;didn&rs ||| I believe that the proposed rule will be of much benefit to the American consumer, primarily to the reinforcement of informed consent in the purchasing of products. The fact it has taken so long to require allergen labels onto alcoholic beverages is quite alarming, especially while the market for alcoholic beverages and breweries has exploded. According to the Brewers Association, the number of br ||| being read or not being understood correctly. To further this, as a college student, many of us tend to miscount or disregard calorie intake as a whole, particularly discounting alcoholic beverages when it comes to calories. I myself, along with many others I have talked to, did not realize just how many calories were in specific alcoholic beverages themselves; we were also shocked to learn just h",36.0,3
18,"compliance, changes, label, qr, to, would, ttb","its release, if the Bureau was intending to revive it in another form, it’s critical to note that any eventual ingredient labeling requirements being on a diﬀerent implementation track would be ﬁnancially and logistically devasting for industry members large and small. It would be unreasonable to ask industry members to undergo costly label redesign to include allergen and nutrient content informa ||| multiple label redesigns and unnecessary costs. TTB Request for Comment : TTB is seeking comments on whether the compliance date for this proposed rule should be coordinated with the compliance dates of other labeling changes that have been proposed by TTB, including Notice No. 237, Alcohol Facts Statements in the Labeling of Wines, Distilled Spirits, and Malt Beverages, which proposed the inclusi ||| code (QR code) or website address on the label? Will such an alternative method still provide adequate information to the consumer? BI Response: QR codes should only be an option for voluntarily disclosed information. QR codes or website addresses are not the best way to disclose mandatory allergen information to consumers. TTB Request for Comment : Does the proposed compliance date suffice to red",18.0,2
44,"cider, competition, aca, and, labeling, ttb, allergen","RE: Docket No. TTB 2025-0004; Notice 238: Major Food Allergen Labeling for Wines, Distilled Spirits, and Malt Beverages<br/><br/>The American Cider Association (ACA) appreciates the opportunity to provide comments on the Alcohol and Tobacco Tax and Trade Bureau&rsquo;s (TTB) proposed rulemaking regarding mandatory allergen labeling for alcohol beverages (Notice No. 238). The ACA represents more th ||| 1 National Press Building Suite 1300-NPC Washington, DC 20045 August 15, 2025 Submitted by regulations.gov Director, Regulations and Ruling Division Alcohol and Tobacco Tax and Trade Bureau 1310 G Street NW, Box 12 Washington, DC 20005 ATTN: Curt Eilers, Regulations and Rulings Division Re: Major Food Allergen Labeling for Wine, Distilled Spirits, and Malt Beverages, Notice No. 238, Docket No. TTB ||| August 15, 2025 Ms. Amy Greenberg Director, Regulations and Rulings Division Alcohol and Tobacco Tax and Trade Bureau 1310 G Street, NW Box 12 Washington, DC 20005 RE: Docket No. TTB 2025-0004; Notice 238: Major Food Allergen Labeling for Wines, Distilled Spirits, and Malt Beverages WineAmerica is the National Association of American Wineries. We represent wineries, winery associations, and wine i",44.0,2
43,"market, say, butter, toward, alcoholic, should, bull","on-site foods, this should be applied to alcoholic beverages too. Nutri onal labels at their base serve as a vector for informed consent, par cularly to prevent legal ac on from being takenin case of harm toward consumers. If Red Bull has to say that “it gives you wiiings” to avoid false adver sing [6], and Costco has recall tens of thousands of bu er due to the label not men oning it contains bu  ||| or on-site foods, this should be applied to alcoholic beverages too. Nutritional labels at their base serve as a vector for informed consent, particularly to prevent legal action from being taken in case of harm toward consumers. If Red Bull has to say that “it gives you wiiings” to avoid false advertising [6], and Costco has recall tens of thousands of butter due to the label not mentioning it co ||| serve as a vector for informed consent, particularly to prevent legal action from being taken in case of harm toward consumers. If Red Bull has to say that &ldquo;it gives you wiiings&rdquo; to avoid false advertising [6], and Costco has recall tens of thousands of butter due to the label not mentioning it contains butter [7], then there is no reason why any alcoholic beverage should not be requir",43.0,2
41,"eu, spirits, distilled, fevs, wines, malt, labelling","Draft Comments to United States Enquiry Point to comment on Docket No. TTB- 2025-0002; Notices No. 238 – Major Food Allergen Labelling for Wines, Distilled Spirits, and Malt Beverages Dear colleagues in the Unites States Enquiry Point, The United Kingdom appreciates the opportunity to provide comments to The Alcohol and Tobacco Tax and Trade Bureau (TTB) regarding Docket No. TTB-2025-0002; Notice  ||| 10, Rue Pergolèse – 75116 PARIS – Tel +33 1 45 22 75 73 – contact@fevs.com August 11 th, 2025 Comments filed on behalf of FEVS (Fédération des Exportateurs de Vins et Spiritueux de France) Filed via www.regulations.gov Re: TTB‐2025‐0003: Major Food Allergen Labelling for Wines, Distilled Spirits, and Malt Beverages The French Federation of Wine and Spirits Exporters (FEVS), appreciates the opportu ||| ADDITIONAL COMMENTS FROM THE EUROPEAN UNION REGARDING NOTIFICATIONS G/TBT/N/USA/2182 AND G/TBT/N/USA/2183 (ALCOHOL FACTS STATEMENTS IN THE LABELING OF WINES, DISTILLED SPIRITS, AND MALT BEVERAGES) AND (MAJOR FOOD ALLERGEN LABELING FOR WINES, DISTILLED SPIRITS, AND MALT BEVERAGES) The European Union (EU) would like to thank the authorities of the United States for providing the oppor tunity to comm",41.0,2
0,"isinglass, wine, in, of, beer, the, reactions","Practice to minimise the allergen parvalbumin in isinglass has also been established by the isinglass manufacturing industry. At Draft Assessment, FSANZ undertook a robust and extensive assessment of the public health and safety implications of this Application. At Draft Assessment, two options were proposed; (1) reject the Application thus maintaining the status quo; or (2) prepare a draft variat ||| allergic reactions due to: - a lack of awareness among wine drinkers and health professionals of the possible presence of fish proteins in wine - the tendency to blame other substances including alcohol or food if adverse reactions occurred - the lack of reporting of food allergic reactions to an authority or a medical practitioner, especially in adult sufferers 19 - the absence of a requirement i ||| had positive reactions to the oral challenge tests. These findings support the conclusion that isinglass is unlikely to pose a risk to fish-allergic consumers. 8.2 Presence of isinglass in beer and wine 8.2.1 What is the level of isi nglass residue present in beer and wine? Is there a risk of an adverse reaction occurring in susceptible individuals from residual isinglass in the final product? • T",0.0,2
24,"statement, contains, major, sulfites, ingredients, should, allergens","consumer who needs this information will know what to do with it. They don’t need to be told that this is major allergen information- they know they’re allergic to nuts. 1.2. Should TTB allow the inclusion of major food allergens within a voluntary ingredient statement on labels as an alternative to a separate major food allergen statement? Yes. 1.3. If mandatory ingredient labeling is ultimately  ||| major food allergens, consistent with FDA's approach? Should TTB limit the use of the “Contains” statement only for major food allergens? It is recommended that the declaration of major allergens be integrated into the ingredient list, including the proteins they contain, instead of creating a separate section. It is also suggested to evaluate the use of electronic labeling (QR codes, digita l pla ||| major food allergens, consistent with FDA's approach? Should TTB limit the use of the “Contains” statement only for major food allergens? It is recommended that the declaration of major allergens be integrated into the ingredient list, including the proteins they contain, instead of creating a separate section. It is also suggested to evaluate the use of electronic labeling (QR codes, digita l pla",24.0,2
19,"allergy, et, al, immunol, fish, tuna, parvalbumin","Sten et al., 2004; Helbling et al., 1999; De Martino et al., 1993). Fish Allergens: Parvalbumin as the Major Allergen The major allergen in codfish, namely Gad c 1, is a muscle protein that is a member of the parvalbumin family (Elsayed and Aas, 1971). The muscles of all fishes contain parvalbumins that are homologous, acidic proteins with molecular weights in the range of 11-12,000 Da that contro ||| C.; Stahl Skov, P.; Poulsen, L.K. 1997. Codfish allergy in adults. IgE cross-reactivity among fish species. Ann. Allergy Asthma Immunol. 78:187-194. Hilger, C.; Grigioni, F.; Thill, L.; Mertens, L.; Hentges, F. 2002. Severe IgE-mediated anaphylaxis following consumption of fried legs: definition of α-parvalbumin as the allergen in cause. Allergy 57:1053-1058. Hilger, C.; Thill, L.; Grigioni, F.; L ||| Cloning of two distinct cDNAs encoding parvalbumin, the major allergen of Atlantic salmon (Salmo salar). Scand J Immunol 44:335-344. Shiomi K, Hayashi S, Ishikawa M, Shimakura K, Nagashima Y. 1998. Identification of parvalbumin as an allergen in horse mackerel muscle. Fisheries Sci 64: 300-04. Shiomi K, Hamada Y, Sekiguchi K, Shimakura K, Nagashima Y. 1999. Two classes of allergens, parvalbumins a",19.0,2
20,"smartlabel, product, information, gs1, barcodes, digital, consumers","believe that integrating product information with SmartLabel will improve their impression of the brand. Consequently, SmartLabel food labeling provides the product information consumers seek to make informed decisions about the CPG products they purchase. SmartLabel Standardizes the Product Data Display SmartLabel complies with GS1 data standards (sourced via the Global Data Synchronisation Netwo ||| SmartLabel as a Digital Transparency Tool Through consumer research , SmartLabel has confirmed that consumers expect the labeling information in SmartLabel to be consistent with the information on the label. As noted, the program SmartLabel® Comments to Docket No. TTB-2025-0002; Notice No. 237 July 9, 2025 Page 8 of 10 conducts annual reviews of SmartLabel pages to ensure the data is consistent be ||| and grocery retailers to give consumers access to more detailed product information than could ever fit on a package. SmartLabel serves as the defacto standard for consumer transparency and allows brands to display state and federally mandated and voluntary label information . Currently 80 parent companies participate in the SmartLabel program, representing more than 1,000 brands and over 100,000 ",20.0,2
28,"food, 2024, alcohol, march, labeling, accessed, alcoholic","ingredients (88%) would be at least somewhat important for deciding whether to purchase a particular alcoholic beverage.3 TTB should make clear in the final rule that this vital safety information should never be provided solely via QR code, as this would specifically disadvantage populations that are less able to utilize smart phones or similar technology (including those who are older or living  ||| be unaware that alcoholic beverages often contain major food allergens. This includes wheat in many beers, shellfish in some micheladas (Mexican beverages with beer, lime juice, and sometimes clam juice), 10,11 milk in liqueurs such as Baileys Irish Cream, and tree nuts in liqueurs such as Amaretto, Frangelico, and Nocello.12 Additionally, additives authorized by federal regulations for use in win ||| August 15, 2025 Regulations and Ruling Division Alcohol and Tobacco Tax and Trade Bureau 1310 G Street NW, Box 12 Washington, DC 20005 Comment on Proposed Rule: Major Food Allergen Labeling for Wines, Distilled Spirits, and Malt Beverages (Docket No. TTB-2025-0003) The undersigned organizations call on the Alcohol and Tobacco Tax and Trade Bureau (TTB) to finalize the proposed rule mandating on-pa",28.0,2
33,"pepsin, ph, kd, at, minutes, time, min","of the intermediate bands is not known. They may represent isinglass-derived peptides, or other fish proteins. The vague band between 6 and 14 kD may possibly represent parvalbumin, with a molecular weight of 12.3 kD, but from this investigation, there are no experimental data to support this. However, all of the protein bands in isinglass are quickly digested by pepsin. Food Allergy Research and  ||| do not originate from pepsin. Digestibility of crude peanut extract - reference Crude peanut extract (CPE) (Figure 5) is characterized by a typical band pattern showing Ara h 1 (at approximately 63 kD as an intense, uniform band), Ara h 2 (a doublet at approximately 20 kD), Ara h 3 (a triplet at 42-45 kD, and bands at 25 kD, and 14 kD), and Ara h 6 (a single, less intense band at approximately 15  ||| three more distinct bands at approximately 25 kD, 45 kD, and 100 kD, and one vague band between 6 and 14 kD (Figure 1). Digestibility of isinglass at pH 1.2 Upon incubation with pepsin at pH = 1.2, isinglass is digested rapidly. The high molecular weight protein fraction was only visible at time points t = 0, 0.5 and 2 minutes. (Figure 2). At time point 0.5 minutes, a distinct band at approximatel",33.0,1
39,"see, listings, radiation, 15, hydrocarbons, polycyclic, aromatic","and Cobalt Compounds That Release Cobalt Ions In Vivo (see Cobalt ‑Related Exposures) Cobalt–Tungsten Carbide: Powders and Hard Metals (see Cobalt ‑Related Exposures) p‑Cresidine Cumene Cupferron Dacarbazine Danthron 2,4‑Diaminoanisole Sulfate 2,4‑Diaminotoluene Diazoaminobenzene Dibenz[ a,h]acridine (see Polycyclic Aromatic Hydrocarbons: 15 Listings) Dibenz[ a,j]acridine (see Polycyclic Aromatic  ||| Hexachlorocyclohexane (Technical Grade), and Other Hexachlorocyclohexane Isomers 2‑Methylaziridine 5‑Methylchrysene (see Polycyclic Aromatic Hydrocarbons: 15 Listings) 4,4 ′‑Methylenebis(2‑ chloroaniline) 4,4 ′‑Methylenebis( N,N-dimethyl) benzenamine 4,4 ′‑Methylenedianiline and Its Dihydrochloride Methyleugenol Methyl Methanesulfonate N‑Methyl ‑N′‑Nitro‑N‑Nitrosoguanidine (see N‑Nitrosamines: 15  ||| Exposure to (see Ultraviolet Radiation Related Exposures) Tamoxifen 2,3,7,8‑ Tetrachlorodibenzo ‑ p‑ dioxin Thiotepa Thorium Dioxide (see Ionizing Radiation) Tobacco Smoke, Environmental (see Tobacco ‑Related Exposures) Tobacco Smoking (see Tobacco ‑Related Exposures) Tobacco, Smokeless (see Tobacco ‑Related Exposures) o‑Toluidine Trichloroethylene Ultraviolet Radiation, Broad‑Spectrum (see Ultrav",39.0,1
12,"hydroxyproline, was, beer, residues, isinglass, beers, of","using the antibody procedure as previously de scribed. At an addition rate of 2.26 mg isinglass (dry basis) / 100ml beer, the recovery ranged from 87 – 91.5%. Page of 17 11Appendix 3 Figure 5. Correlation of hydroxyproline concentration to isinglass content R2 = 0.9905 0 5 10 15 20 25 0 0.01 0.02 0.03 0.04 0.05 0.06 mg isinglass nmoles hydroxyproline derivative Survey of commercial small pack beer ||| pure form of fish collagen. The isinglass combines with proteins and yeast in suspension in the beer, causing the formation of large flocs which sediment out of the beer. In some beers these flocs are removed in the brewery by filtration of centrifugation. Such beers are described as brewery-conditione d beers. However, in some beer styles (known as cask- conditioned beers) the flocs ar e not remo ||| of quantification of this method, that is the concentration of isinglass in beer which can be distinguished from background levels of hydroxyproline, is 0.17 mg of isinglass / litre of beer (on an isinglass dry weight basis). This method has been used to quantify the concentration of isinglass residues which could be present in brewery and cask-conditioned beers, and also to determine whether ther",12.0,1
29,"food, ttb, allergen, allergens, major, the, that","to current good manufacturing practices and could be misleading. TTB is soliciting comments on the use of allergen advisory la beling. 4 BI Response: TTB should align its requirements with FDA’s allergen disclosure requirements. TTB Request for Comment : TTB is proposing in 27 CFR 5.75(b)(2) that major food allergens, or ingredients containing major food allergens, need not be declared on a label  ||| all TTB- regulated alcoholic beverages to label the top nine food allergens using the statement “Contains Major Food Allergen(s)” followed by a colon and the name of the food source(s) from which the food allergen(s) present is/are derived (i.e., milk, eggs, fish, shellfish, tree nuts, wheat, peanuts, soybeans, and sesame). Unlike FDA regulations, the species of finfish is not required for fish in ||| TTB is proposing rules for the mandatory labeling of major food allergens used in the production of alcohol beverages. Consistent with the FALCPA House committee report and TTB's statutory mandate under the FAA Act to promulgate regulations ensuring that consumers receive adequate information about the identity and quality of alcohol beverages, TTB believes that alcohol beverage labels should prov",29.0,1
46,"labeling, food, 27, cfr, allergystrong, allergen, and","The immune response can be described as a defense mechanism by which the body rids its of potentially harmful antigens. An immune response that persists and causes damage to the host can be termed as a hypersensitivity. Type I hypersensitivities are commonly referred to as allergies and the type of antigens that trigger type I hypersensitivities are called allergens. Examples of common food allerg ||| reactions. o Reactions are unpredictable and range from mild to fatal – each person’s food allergy can become life-threatening even if their last multiple reactions to the same food have been manageable. AllergyStrong strongly encourages TTB to finalize the Major Food Allergen Labeling rule for many reasons: 1. Given the prevalence of food allergy, this is an issue of consumer safety. 2. The major ||| August 14, 2025 Division of Dockets Management Alcohol and Tobacco Tax and Trade Bureau U.S. Department of Treasury 1500 Pennsylvania Ave., N.W. Washington, D.C. 20220 Comment on Proposed Rule - Major Food Allergen Labeling for Wines, Distilled Spirits, and Malt Beverages (Docket No. TTB-2025-0003) (Docket No. TTB-2025-0003) AllergyStrong is writing to encourage the Alcohol and Tobacco Tax and Tra",46.0,1
7,"fish, collagen, isinglass, of, parvalbumin, swim, species","soluble and resistant to heat treatment and enzymatic degradation (Aas and Elsayed, 1975-[as cited in Chen et al. 2006]). Parvalbumins are the allergenic fish proteins, and possibly the sole allergens for most individuals with IgE-mediated allergy to fish. Parvalbumin is the allergen in several fish species including cod, salmon, carp, mackerel and tuna. Parvalbumin sequences from commonly consume ||| species used to manufacture isinglass contain parvalbumin, the allergenicity of isinglass is likely related to residual levels of parvalbumin in commercial isinglass. As previously noted (see FARRP-08-2006), very low levels of residual parvalbumin were found in isinglass. The following section will describe the results of clinical oral challenge trials with isinglass on fish-allergic individuals w ||| beers and ales. Isinglass is prepared from the swim bladders of various species of tropical fish. Collagen is the primary component of isinglass. Molecular weights of well over 200 kilo Daltons (kD) are described for collagen preparations. Parvalbumin, a comparatively small protein from fish muscle, is widely considered as the major pan-allergen from fish (Taylor et al., 2004a). Fish collagen is n",7.0,1
49,"brewers, notice, association, comments, 238, you, reg","or perhaps even most small brewers from the need for a regulatory-mandated label change. 15 90 Fed. Reg. 6651 (Jan. 17, 2025). 16 90 Fed. Reg. 5426 (Jan. 16, 2025). 17 See 90 Fed. Reg. at 5772. 18 See id. 7 * * * We thank you for your careful consideration of these comments and look forward to working with TTB on this important topic. Sincerely, Marc E. Sorini Vice President of Government Relation ||| industries, and the agencies that regulate them , are adjusting to the priorities of the new administration. There were many potentially impactful rulemakings published in the final days of the previous administration and then a regulatory freeze put in place on the first day of the new administration. Additional time will allow agencies, and the industries they regulate, to better understand new  ||| Submitted via the Federal e-Rulemaking Portal Alcohol and Tobacco Tax and Trade Bureau (TTB) Attn: Amy Greenberg, Director Regulations and Ruling Division 1310 G Street, N.W., Box 12 Washington, DC 20005 Re: TTB Notice No. 238, Major Food Allergen Labeling for Wines, Distilled Spirits, and Malt Beverages Dear Director Greenberg, I write on behalf of the Brewers Association (BA) to provide written ",49.0,1
8,"isinglass, parvalbumin, process, buffer, maws, phosphate, washing","collagen; within the context of this petition ""isinglass"" is used exclusively to mean the collagen obtained from the dried swim bladders of the fish rather than from fish skins. Isinglass used in brewing (and wine) is a pure form of collagen derived from the dried swim bladders (known in the industry as “maws”) of specific tropical and subtropical fish. Only a restricted range of species are used; ||| the swim bladders of some fish species that are used in the commercial production of isinglass. The Applicant provided analytical data on parvalbumin levels in eight isinglass samples from three commercial manufacturers. Using the anti-cod parvalbumin ELISA, six samples were below 10 µg/g, one sample at 34 µg/g and one below 1 µg/g. Various levels of parvalbumin were detected in the swim bladder o ||| Q1 Q1A Q2 Q3 Q4 Y / N 12 Stirring at 4 hourly intervals No hazards 13 Steeping for 16 hours in hydrogen peroxide Microbial Micro-organisms not killed by hydrogen peroxide 3 x 3 This process step Y Y Y 14 Drain and rinse No hazards 15 Soak in phosphate buffer for 1 hour. Drain off buffer and wash twice more with fresh water Chemical Parvalbumin 5x 3 This process step Y Y Y 16 Drain off steep liquor",8.0,1
15,"isni0000, document, usa, proquest, 0004, department, university","1 ; Ramakrishnan, Charu 2 ; Deisseroth, Karl 2 ; Zhang, Zizhen 1 ; Zamponi, Gerald W 1 1 Department of Physiology and Pharmacology, University of Calgary, Calgary, Canada; Alberta Children’s Hospital Research Institute, University of Calgary, Calgary, Canada; Hotchkiss Brain Institute, University of 20 June 2025 Page 9 of 23 ProQuest Calgary, Calgary, Canada; Cumming School of Medicine, University ||| Alexander P; Zhu-Ming, Zhang; Tinker, Lesley F; Yanosky, Jeff D; Liao, Duanping; Whitsel, Eric A Publication info: Environmental Health Perspectives (Online) 125.6 National Institute of Environmental Health Sciences. (Jun 2017) ProQuest document link Databases: Toxicology Abstracts (1981 - current) _______________________________________________________________ Document 69 of 77 GABA Effects Durin ||| of Excellence, NeuroCure, Berlin, Germany (GRID:grid.517316.7); German Center for 20 June 2025 Page 19 of 23 ProQuest Neurodegenerative Diseases (DZNE) Berlin, Berlin, Germany (GRID:grid.424247.3) (ISNI:0000 0004 0438 0426) Publication info: Nature Neuroscience 26.10 (Oct 2023): 1701-1712. ProQuest document link Databases: Toxicology Abstracts (1981 - current) _____________________________________",15.0,1
